created_at,PM1.0_CF1_ug/m3,PM2.5_CF1_ug/m3,PM10.0_CF1_ug/m3,UptimeMinutes,RSSI_dbm,Temperature_F,Humidity_%,PM2.5_ATM_ug/m3,
2021-09-13 22:40:00 UTC,0.95,3.05,3.47,4.00,-51.33,78.67,34.33,3.05
2021-09-13 22:50:00 UTC,0.54,3.30,3.67,11.00,-49.50,79.75,33.25,3.30
2021-09-13 23:00:00 UTC,0.09,0.67,0.90,5.00,-50.00,81.20,31.20,0.67
2021-09-13 23:10:00 UTC,245.60,850.59,1155.51,15.00,-50.00,82.80,31.00,566.44
2021-09-13 23:20:00 UTC,293.35,859.88,1096.62,25.00,-52.40,84.00,31.00,573.04
2021-09-13 23:30:00 UTC,267.30,684.09,838.44,35.00,-53.20,84.00,31.00,455.81
2021-09-13 23:40:00 UTC,234.74,553.43,665.56,45.00,-52.40,84.00,31.00,368.26
2021-09-13 23:50:00 UTC,209.16,472.31,561.16,55.00,-53.40,84.00,31.00,314.20,
2021-09-14 00:00:00 UTC,181.03,390.95,455.46,66.00,-51.60,85.00,31.00,260.22
2021-09-14 00:10:00 UTC,155.46,325.13,375.69,76.00,-51.80,85.00,31.00,216.22
2021-09-14 00:20:00 UTC,132.78,269.79,308.44,86.00,-53.40,85.80,31.00,179.24
2021-09-14 00:30:00 UTC,111.35,223.47,253.42,96.00,-51.00,86.00,31.00,148.34
2021-09-14 00:40:00 UTC,93.81,184.89,208.83,106.00,-51.80,86.00,31.00,122.69
2021-09-14 00:50:00 UTC,78.87,152.85,172.35,116.00,-51.40,86.00,30.60,101.35
2021-09-14 01:00:00 UTC,66.41,126.83,142.18,126.00,-52.60,86.80,30.00,83.95
2021-09-14 01:10:00 UTC,55.54,105.42,117.88,136.00,-51.60,87.00,30.00,69.70
2021-09-14 01:20:00 UTC,46.04,86.10,95.48,146.00,-52.00,86.80,30.00,57.06
2021-09-14 01:30:00 UTC,35.89,67.07,74.59,156.00,-51.80,86.00,30.40,48.05
2021-09-14 01:40:00 UTC,29.55,54.88,61.57,166.00,-51.20,85.00,31.00,43.05
2021-09-14 01:50:00 UTC,25.87,46.59,51.62,176.00,-51.20,85.00,30.60,39.45
2021-09-14 02:00:00 UTC,21.01,38.20,42.12,186.00,-49.80,85.00,30.00,34.57
2021-09-14 02:10:00 UTC,17.31,31.61,34.88,196.00,-51.60,85.00,30.00,30.62
2021-09-14 02:20:00 UTC,10.98,25.95,28.58,206.00,-51.00,85.60,30.00,25.89
2021-09-14 02:30:00 UTC,7.01,20.48,22.29,216.00,-51.60,86.00,30.00,20.48
2021-09-14 02:40:00 UTC,5.27,16.37,18.30,226.00,-51.40,86.00,30.00,16.37
2021-09-14 02:50:00 UTC,3.38,9.69,12.16,236.00,-51.40,86.00,30.00,9.69
2021-09-14 03:00:00 UTC,1.83,6.59,7.47,246.00,-50.80,86.00,30.00,6.59
2021-09-14 03:10:00 UTC,0.70,4.61,5.20,256.00,-50.80,85.20,30.00,4.61
2021-09-14 03:20:00 UTC,0.01,2.83,3.37,266.00,-50.80,85.00,30.00,2.83
2021-09-14 03:30:00 UTC,0.00,1.69,2.06,276.00,-50.00,85.00,29.00,1.69
2021-09-14 03:40:00 UTC,0.00,0.94,1.69,286.00,-50.60,85.00,29.00,0.94
2021-09-14 03:50:00 UTC,0.00,0.43,0.75,296.00,-50.80,85.00,29.00,0.43
2021-09-14 04:00:00 UTC,0.00,0.07,0.49,306.00,-51.20,85.00,29.00,0.07
2021-09-14 04:10:00 UTC,0.00,0.13,0.23,316.00,-49.60,85.00,29.00,0.13
2021-09-14 04:20:00 UTC,0.00,0.00,0.03,326.00,-49.60,85.00,29.00,0.00
2021-09-14 04:30:00 UTC,0.00,0.00,0.01,336.00,-50.00,85.00,29.00,0.00
2021-09-14 04:40:00 UTC,0.00,0.00,0.00,346.00,-51.80,85.00,29.00,0.00
2021-09-14 04:50:00 UTC,0.00,0.00,0.01,356.00,-50.40,85.00,29.00,0.00
2021-09-14 05:00:00 UTC,0.00,0.00,0.00,366.00,-50.00,85.00,29.00,0.00
2021-09-14 05:10:00 UTC,0.00,0.00,0.00,376.00,-48.40,85.00,29.00,0.00
2021-09-14 05:20:00 UTC,0.00,0.00,0.00,386.00,-49.80,85.00,29.00,0.00
2021-09-14 05:30:00 UTC,0.00,0.01,0.02,396.00,-50.80,85.00,29.00,0.01
2021-09-14 05:40:00 UTC,0.00,0.00,0.00,406.00,-51.60,84.80,29.00,0.00
2021-09-14 05:50:00 UTC,0.00,0.00,0.00,416.00,-49.60,84.60,29.00,0.00
2021-09-14 06:00:00 UTC,0.00,0.00,0.00,426.00,-51.00,84.00,29.00,0.00
2021-09-14 06:10:00 UTC,0.00,0.00,0.00,436.00,-50.60,84.00,29.00,0.00
2021-09-14 06:20:00 UTC,0.00,0.00,0.00,446.00,-50.80,84.00,29.00,0.00
2021-09-14 06:30:00 UTC,0.00,0.00,0.00,456.00,-51.00,84.00,29.00,0.00
2021-09-14 06:40:00 UTC,0.00,0.00,0.00,466.00,-49.00,84.00,29.00,0.00
2021-09-14 06:50:00 UTC,0.00,0.00,0.00,476.00,-50.00,84.00,29.00,0.00
2021-09-14 07:00:00 UTC,0.00,0.00,0.00,486.00,-51.20,84.00,29.00,0.00
2021-09-14 07:10:00 UTC,0.00,0.00,0.00,496.00,-50.20,84.00,29.00,0.00
2021-09-14 07:20:00 UTC,0.00,0.00,0.00,506.00,-51.00,84.00,29.00,0.00
2021-09-14 07:30:00 UTC,0.00,0.00,0.01,516.00,-49.40,84.00,29.00,0.00
2021-09-14 07:40:00 UTC,0.00,0.00,0.00,526.00,-48.80,83.00,28.60,0.00
2021-09-14 07:50:00 UTC,0.00,0.00,0.00,536.00,-50.60,83.00,28.40,0.00
2021-09-14 08:00:00 UTC,0.00,0.00,0.00,546.00,-51.00,83.00,28.00,0.00
2021-09-14 08:10:00 UTC,0.00,0.00,0.01,556.00,-49.40,83.00,28.00,0.00
2021-09-14 08:20:00 UTC,0.00,0.00,0.00,566.00,-50.00,83.00,28.00,0.00
2021-09-14 08:30:00 UTC,0.00,0.00,0.00,576.00,-51.20,83.00,28.00,0.00
2021-09-14 08:40:00 UTC,0.00,0.00,0.00,586.00,-50.80,83.00,28.00,0.00
2021-09-14 08:50:00 UTC,0.00,0.00,0.00,596.00,-51.40,83.00,28.00,0.00
2021-09-14 09:00:00 UTC,0.00,0.00,0.00,606.00,-51.40,83.00,28.00,0.00
2021-09-14 09:10:00 UTC,0.00,0.00,0.00,616.00,-49.00,83.00,28.00,0.00
2021-09-14 09:20:00 UTC,0.00,0.00,0.00,626.00,-50.20,82.80,28.00,0.00
2021-09-14 09:30:00 UTC,0.00,0.00,0.02,636.00,-51.00,83.00,28.00,0.00
2021-09-14 09:40:00 UTC,0.00,0.00,0.05,646.00,-51.60,83.00,28.00,0.00
2021-09-14 09:50:00 UTC,0.00,0.00,0.02,656.00,-50.40,83.00,28.00,0.00
2021-09-14 10:00:00 UTC,0.00,0.00,0.00,666.00,-50.40,83.00,28.00,0.00
2021-09-14 10:10:00 UTC,0.00,0.00,0.02,676.00,-51.60,82.60,28.00,0.00
2021-09-14 10:20:00 UTC,0.00,0.01,0.01,686.00,-50.00,82.00,28.00,0.01
2021-09-14 10:30:00 UTC,0.00,0.00,0.01,696.00,-51.00,82.00,28.00,0.00
2021-09-14 10:40:00 UTC,0.00,0.00,0.02,706.00,-50.60,82.00,28.00,0.00
2021-09-14 10:50:00 UTC,0.00,0.00,0.00,716.00,-49.80,82.00,28.00,0.00
2021-09-14 11:00:00 UTC,0.00,0.00,0.00,726.00,-48.20,82.00,28.00,0.00
2021-09-14 11:10:00 UTC,0.00,0.00,0.00,736.50,-51.75,82.00,28.00,0.00
2021-09-14 11:20:00 UTC,0.00,0.00,0.00,746.00,-50.60,82.00,28.00,0.00
2021-09-14 11:30:00 UTC,0.00,0.00,0.01,756.00,-50.40,82.00,28.00,0.00
2021-09-14 11:40:00 UTC,0.00,0.00,0.00,766.00,-50.60,82.00,28.00,0.00
2021-09-14 11:50:00 UTC,0.00,0.00,0.04,776.00,-49.00,82.00,28.00,0.00
2021-09-14 12:00:00 UTC,0.00,0.00,0.00,786.00,-50.00,82.00,28.00,0.00
2021-09-14 12:10:00 UTC,0.00,0.00,0.01,796.00,-49.20,82.00,28.00,0.00
2021-09-14 12:20:00 UTC,0.00,0.01,0.02,806.00,-50.40,82.00,28.00,0.01
2021-09-14 12:30:00 UTC,0.00,0.00,0.02,816.00,-50.80,82.00,28.00,0.00
2021-09-14 12:40:00 UTC,0.00,0.00,0.00,826.00,-52.00,82.00,28.00,0.00
2021-09-14 12:50:00 UTC,0.00,0.00,0.00,836.00,-51.40,82.00,28.00,0.00
2021-09-14 13:00:00 UTC,0.00,0.00,0.09,846.00,-50.00,82.00,28.00,0.00
2021-09-14 13:10:00 UTC,0.00,0.04,0.04,856.00,-49.60,81.00,28.00,0.04
2021-09-14 13:20:00 UTC,0.00,0.00,0.06,866.00,-50.80,81.00,28.00,0.00
2021-09-14 13:30:00 UTC,0.00,0.00,0.01,876.00,-50.40,81.00,28.00,0.00
2021-09-14 13:40:00 UTC,0.00,0.00,0.06,886.00,-50.80,81.00,28.00,0.00
2021-09-14 13:50:00 UTC,0.00,0.00,0.01,896.00,-49.60,81.00,28.00,0.00
2021-09-14 14:00:00 UTC,0.00,0.00,0.02,906.00,-49.80,81.00,28.00,0.00
2021-09-14 14:10:00 UTC,0.00,0.00,0.03,916.00,-50.20,81.00,28.00,0.00
2021-09-14 14:20:00 UTC,0.00,0.04,0.04,926.00,-51.00,81.00,28.00,0.04
2021-09-14 14:30:00 UTC,0.00,0.00,0.00,936.00,-50.80,81.60,28.00,0.00
2021-09-14 14:40:00 UTC,0.00,0.00,0.04,946.00,-49.40,82.00,28.00,0.00
2021-09-14 14:50:00 UTC,0.00,0.00,0.03,956.00,-51.00,82.00,28.00,0.00
2021-09-14 15:00:00 UTC,0.00,0.00,0.01,966.00,-50.60,82.00,28.00,0.00
2021-09-14 15:10:00 UTC,0.00,0.00,0.00,976.00,-50.20,82.00,27.20,0.00
2021-09-14 15:20:00 UTC,0.00,0.00,0.00,986.00,-49.40,82.00,27.00,0.00
2021-09-14 15:30:00 UTC,0.00,0.08,0.17,996.00,-49.40,82.00,27.00,0.08
2021-09-14 15:40:00 UTC,0.00,0.02,0.04,1006.00,-51.00,82.00,27.00,0.02
2021-09-14 15:50:00 UTC,0.00,0.02,0.05,1016.00,-50.60,82.00,27.00,0.02
2021-09-14 16:00:00 UTC,0.00,0.00,0.07,1026.00,-50.60,82.00,27.00,0.00
2021-09-14 16:10:00 UTC,0.00,0.12,0.14,1036.00,-50.20,82.20,27.00,0.12
2021-09-14 16:20:00 UTC,0.00,0.00,0.00,1046.00,-52.20,83.00,27.00,0.00
2021-09-14 16:30:00 UTC,0.00,0.07,0.19,1056.00,-52.00,83.00,27.00,0.07
2021-09-14 16:40:00 UTC,0.00,0.07,0.18,1066.00,-52.00,83.00,27.00,0.07
2021-09-14 16:50:00 UTC,0.00,0.05,0.52,1076.00,-49.60,83.00,27.00,0.05
2021-09-14 17:00:00 UTC,0.00,0.05,0.06,1086.00,-51.00,83.00,27.00,0.05
2021-09-14 17:10:00 UTC,0.00,0.00,0.06,1096.00,-50.40,83.80,27.00,0.00
2021-09-14 17:20:00 UTC,0.00,0.00,0.02,1106.00,-52.00,84.00,27.00,0.00
2021-09-14 17:30:00 UTC,0.00,0.00,0.00,1116.00,-50.00,84.00,27.00,0.00
2021-09-14 17:40:00 UTC,0.00,0.00,0.00,1126.00,-50.40,84.00,27.00,0.00
2021-09-14 17:50:00 UTC,0.00,0.00,0.00,1136.00,-51.60,84.40,27.00,0.00
2021-09-14 18:00:00 UTC,0.00,0.00,0.00,1146.00,-51.00,85.00,27.00,0.00
2021-09-14 18:10:00 UTC,0.00,0.02,0.06,1156.00,-51.20,85.00,27.00,0.02
2021-09-14 18:20:00 UTC,0.00,0.00,0.03,1166.00,-50.20,85.00,27.00,0.00
2021-09-14 18:30:00 UTC,0.00,0.00,0.06,1176.00,-51.60,85.00,27.00,0.00
2021-09-14 18:40:00 UTC,0.00,0.06,0.09,1186.00,-51.00,85.00,27.00,0.06
2021-09-14 18:50:00 UTC,0.00,0.00,0.00,1196.00,-51.80,85.80,27.00,0.00
2021-09-14 19:00:00 UTC,0.00,0.04,0.06,1206.00,-51.00,86.00,27.00,0.04
2021-09-14 19:10:00 UTC,0.00,0.03,0.06,1216.00,-52.00,86.00,27.00,0.03
2021-09-14 19:20:00 UTC,0.00,0.00,0.00,1226.00,-52.80,86.00,27.00,0.00
2021-09-14 19:30:00 UTC,0.00,0.02,0.03,1236.00,-52.40,86.00,27.00,0.02
2021-09-14 19:40:00 UTC,0.00,0.00,0.00,1246.00,-50.60,86.80,27.00,0.00
2021-09-14 19:50:00 UTC,0.00,0.01,0.05,1256.00,-49.80,87.00,27.00,0.01
2021-09-14 20:00:00 UTC,0.00,0.01,0.02,1266.00,-50.80,87.00,26.00,0.01
2021-09-14 20:10:00 UTC,0.00,0.00,0.09,1276.00,-50.40,87.00,26.00,0.00
2021-09-14 20:20:00 UTC,0.00,0.05,0.09,1286.00,-50.40,87.00,26.00,0.05
2021-09-14 20:30:00 UTC,0.00,0.00,0.07,1296.00,-49.80,87.00,26.00,0.00
2021-09-14 20:40:00 UTC,0.00,0.54,0.85,1306.00,-50.20,87.00,26.00,0.54
2021-09-14 20:50:00 UTC,0.00,0.20,0.49,1316.00,-51.20,87.00,26.00,0.20
2021-09-14 21:00:00 UTC,0.00,1.16,1.25,1326.00,-51.00,86.60,26.00,1.16
2021-09-14 21:10:00 UTC,0.00,1.55,1.95,1336.00,-49.80,86.00,26.00,1.55
2021-09-14 21:20:00 UTC,0.18,1.65,1.88,1346.00,-49.20,86.00,26.00,1.65
2021-09-14 21:30:00 UTC,0.00,1.24,1.59,1356.00,-49.60,86.00,26.00,1.24
2021-09-14 21:40:00 UTC,0.00,0.46,0.83,1366.00,-49.40,86.00,26.00,0.46
2021-09-14 21:50:00 UTC,0.00,0.21,0.38,1376.00,-51.00,87.00,26.00,0.21
2021-09-14 22:00:00 UTC,0.00,0.17,0.36,1386.00,-50.00,87.00,26.00,0.17
2021-09-14 22:10:00 UTC,0.00,0.03,0.08,1396.00,-49.80,87.00,26.00,0.03
2021-09-14 22:20:00 UTC,0.00,0.05,0.14,1406.00,-50.20,87.00,26.00,0.05
2021-09-14 22:30:00 UTC,0.00,0.04,0.06,1416.00,-48.60,87.00,26.00,0.04
2021-09-14 22:40:00 UTC,0.00,0.05,0.16,1426.00,-48.60,87.00,26.00,0.05
2021-09-14 22:50:00 UTC,0.00,0.96,1.37,1436.00,-50.20,87.00,26.00,0.96
2021-09-14 23:00:00 UTC,0.07,1.27,1.54,1446.00,-48.60,87.00,26.00,1.27
2021-09-14 23:10:00 UTC,0.16,1.56,1.94,1456.00,-50.80,86.80,26.00,1.56
2021-09-14 23:20:00 UTC,0.01,1.47,1.79,1466.00,-49.60,86.00,26.00,1.47
2021-09-14 23:30:00 UTC,0.00,0.80,1.19,1476.00,-50.20,86.00,26.00,0.80
2021-09-14 23:40:00 UTC,0.00,0.85,1.17,1486.00,-52.20,86.60,26.00,0.85
2021-09-14 23:50:00 UTC,0.00,0.18,0.36,1496.00,-50.20,87.00,26.00,0.18,
2021-09-15 00:00:00 UTC,0.00,0.07,0.26,1506.00,-50.20,87.00,26.00,0.07
2021-09-15 00:10:00 UTC,0.00,0.00,0.01,1516.00,-49.40,87.00,26.00,0.00
2021-09-15 00:20:00 UTC,0.00,0.00,0.01,1526.00,-50.60,87.00,26.00,0.00
2021-09-15 00:30:00 UTC,0.00,0.03,0.15,1536.00,-49.80,87.00,26.00,0.03
2021-09-15 00:40:00 UTC,0.00,0.01,0.05,1546.00,-49.80,87.00,26.00,0.01
2021-09-15 00:50:00 UTC,0.00,0.00,0.07,1556.00,-48.80,87.00,26.00,0.00
2021-09-15 01:00:00 UTC,0.00,0.01,0.03,1566.00,-51.20,87.00,26.00,0.01
2021-09-15 01:10:00 UTC,0.00,0.02,0.06,1576.00,-50.40,87.00,26.00,0.02
2021-09-15 01:20:00 UTC,0.00,0.00,0.02,1586.00,-49.80,87.00,26.00,0.00
2021-09-15 01:30:00 UTC,0.00,0.00,0.06,1596.00,-49.40,87.00,26.00,0.00
2021-09-15 01:40:00 UTC,0.00,0.02,0.09,1606.00,-50.80,87.00,26.00,0.02
2021-09-15 01:50:00 UTC,0.00,0.00,0.12,1616.00,-50.40,87.00,26.00,0.00
2021-09-15 02:00:00 UTC,0.00,0.00,0.00,1626.00,-50.00,87.00,26.00,0.00
2021-09-15 02:10:00 UTC,0.00,0.21,0.34,1636.00,-48.00,86.80,26.00,0.21
2021-09-15 02:20:00 UTC,0.00,0.37,0.66,1646.00,-49.60,86.00,26.00,0.37
2021-09-15 02:30:00 UTC,0.00,0.39,0.56,1656.00,-51.20,86.00,26.00,0.39
2021-09-15 02:40:00 UTC,0.00,0.61,0.87,1666.00,-50.80,86.00,25.80,0.61
2021-09-15 02:50:00 UTC,0.00,1.48,1.66,1676.00,-49.80,86.00,25.60,1.48
2021-09-15 03:00:00 UTC,0.00,1.27,1.44,1686.00,-49.80,86.00,25.00,1.27
2021-09-15 03:10:00 UTC,0.00,1.29,1.51,1696.00,-51.20,86.00,25.00,1.29
2021-09-15 03:20:00 UTC,0.00,1.13,1.53,1706.00,-49.60,86.00,25.00,1.13
2021-09-15 03:30:00 UTC,0.26,2.01,2.17,1716.00,-50.40,86.00,25.00,2.01
2021-09-15 03:40:00 UTC,0.00,1.25,1.65,1726.00,-48.20,85.00,25.00,1.25
2021-09-15 03:50:00 UTC,0.02,0.99,1.56,1736.00,-49.00,85.00,25.00,0.99
2021-09-15 04:00:00 UTC,0.00,1.10,1.28,1746.00,-51.20,85.00,25.00,1.10
2021-09-15 04:10:00 UTC,0.00,1.50,1.75,1756.00,-49.20,85.00,25.00,1.50
2021-09-15 04:20:00 UTC,0.00,1.05,1.36,1766.00,-50.20,85.00,25.00,1.05
2021-09-15 04:30:00 UTC,0.02,0.80,1.01,1776.00,-49.00,85.00,25.00,0.80
2021-09-15 04:40:00 UTC,0.00,0.78,1.05,1786.00,-50.60,85.00,25.00,0.78
2021-09-15 04:50:00 UTC,0.00,1.22,1.75,1796.00,-51.00,85.00,25.00,1.22
2021-09-15 05:00:00 UTC,0.00,1.21,1.39,1806.00,-48.60,84.00,25.00,1.21
2021-09-15 05:10:00 UTC,0.00,1.10,1.49,1816.00,-51.00,84.00,25.00,1.10
2021-09-15 05:20:00 UTC,0.02,0.77,1.20,1826.00,-49.60,84.00,25.00,0.76
2021-09-15 05:30:00 UTC,0.00,1.37,1.66,1836.00,-48.80,84.00,25.00,1.37
2021-09-15 05:40:00 UTC,0.00,1.29,1.58,1846.00,-49.20,84.00,25.00,1.29
2021-09-15 05:50:00 UTC,0.00,0.78,0.98,1856.00,-50.20,84.00,25.00,0.78
2021-09-15 06:00:00 UTC,0.00,0.61,1.03,1866.00,-48.40,84.00,25.00,0.61
2021-09-15 06:10:00 UTC,0.00,0.62,0.99,1876.00,-49.00,84.00,25.00,0.62
2021-09-15 06:20:00 UTC,0.00,0.85,1.14,1886.00,-49.00,84.00,25.00,0.85
2021-09-15 06:30:00 UTC,0.00,1.21,1.48,1896.00,-49.20,84.00,25.00,1.21
2021-09-15 06:40:00 UTC,0.00,1.24,1.57,1906.00,-50.40,83.00,25.00,1.24
2021-09-15 06:50:00 UTC,0.00,0.69,1.17,1916.00,-50.60,83.00,25.00,0.69
2021-09-15 07:00:00 UTC,0.01,1.03,1.37,1926.00,-48.60,83.00,25.00,1.03
2021-09-15 07:10:00 UTC,0.00,1.03,1.30,1936.00,-49.20,83.00,25.00,1.03
2021-09-15 07:20:00 UTC,0.00,2.13,2.32,1946.00,-51.00,83.00,25.00,2.13
2021-09-15 07:30:00 UTC,0.00,2.21,2.63,1956.00,-48.80,83.00,25.00,2.21
2021-09-15 07:40:00 UTC,0.00,2.00,2.21,1966.00,-50.80,83.00,25.00,2.00
2021-09-15 07:50:00 UTC,0.00,1.58,1.86,1976.00,-50.20,83.00,25.00,1.58
2021-09-15 08:00:00 UTC,0.00,1.31,1.58,1986.00,-52.00,83.00,25.00,1.31
2021-09-15 08:10:00 UTC,0.00,2.23,2.55,1996.00,-51.20,83.00,25.00,2.23
2021-09-15 08:20:00 UTC,0.06,1.94,2.11,2006.00,-51.20,83.00,25.00,1.94
2021-09-15 08:30:00 UTC,0.00,1.57,1.75,2016.00,-49.80,83.00,25.00,1.57
2021-09-15 08:40:00 UTC,0.00,1.30,1.93,2026.00,-51.00,82.20,25.00,1.30
2021-09-15 08:50:00 UTC,0.00,1.21,1.58,2036.00,-51.60,82.00,25.00,1.21
2021-09-15 09:00:00 UTC,0.00,0.94,1.24,2046.00,-51.80,82.00,25.00,0.94
2021-09-15 09:10:00 UTC,0.00,0.79,1.17,2056.00,-52.40,82.00,25.00,0.79
2021-09-15 09:20:00 UTC,0.00,1.73,2.02,2066.00,-51.80,82.00,25.00,1.73
2021-09-15 09:30:00 UTC,0.00,1.65,1.88,2076.00,-51.40,82.00,25.00,1.65
2021-09-15 09:40:00 UTC,0.00,0.91,1.11,2086.00,-51.20,82.00,25.00,0.91
2021-09-15 09:50:00 UTC,0.00,0.90,1.27,2096.00,-51.40,82.00,25.00,0.90
2021-09-15 10:00:00 UTC,0.00,1.26,1.85,2106.00,-50.80,82.00,25.00,1.26
2021-09-15 10:10:00 UTC,0.00,0.99,1.23,2116.00,-50.80,82.00,25.00,0.99
2021-09-15 10:20:00 UTC,0.00,0.85,1.22,2126.00,-52.00,82.00,25.00,0.85
2021-09-15 10:30:00 UTC,0.00,0.85,1.01,2136.00,-50.40,82.00,25.00,0.85
2021-09-15 10:40:00 UTC,0.00,1.03,1.46,2146.00,-51.40,82.00,25.00,1.03
2021-09-15 10:50:00 UTC,0.00,0.90,1.04,2156.00,-51.60,82.00,25.00,0.90
2021-09-15 11:00:00 UTC,0.00,0.73,1.30,2166.00,-51.00,81.20,25.00,0.73
2021-09-15 11:10:00 UTC,0.00,0.65,0.92,2176.00,-51.40,81.00,25.00,0.65
2021-09-15 11:20:00 UTC,0.00,0.75,1.09,2186.00,-51.20,81.00,25.00,0.75
2021-09-15 11:30:00 UTC,0.00,1.24,1.65,2196.00,-51.60,81.00,25.00,1.24
2021-09-15 11:40:00 UTC,0.00,1.85,2.48,2206.00,-50.60,81.00,25.00,1.85
2021-09-15 11:50:00 UTC,0.00,1.79,2.13,2216.00,-50.00,81.00,25.00,1.79
2021-09-15 12:00:00 UTC,0.16,1.79,2.08,2226.00,-52.60,81.00,25.00,1.79
2021-09-15 12:10:00 UTC,0.00,1.52,2.00,2236.00,-50.20,81.00,25.00,1.52
2021-09-15 12:20:00 UTC,0.00,1.33,1.64,2246.00,-50.00,81.00,25.00,1.33
2021-09-15 12:30:00 UTC,0.00,0.76,0.89,2256.00,-52.00,81.00,25.00,0.76
2021-09-15 12:40:00 UTC,0.00,0.70,0.90,2266.00,-50.20,81.00,25.00,0.70
2021-09-15 12:50:00 UTC,0.00,0.87,1.28,2276.00,-51.20,81.00,25.00,0.87
2021-09-15 13:00:00 UTC,0.00,1.13,1.47,2286.00,-50.80,81.00,25.00,1.13
2021-09-15 13:10:00 UTC,0.00,1.46,1.56,2296.00,-52.00,81.00,25.00,1.46
2021-09-15 13:20:00 UTC,0.00,1.04,1.39,2306.00,-51.60,81.00,25.00,1.04
2021-09-15 13:30:00 UTC,0.00,1.16,1.65,2316.00,-51.20,81.00,25.00,1.16
2021-09-15 13:40:00 UTC,0.03,0.76,1.17,2326.00,-51.80,81.00,25.00,0.76
2021-09-15 13:50:00 UTC,0.00,0.85,1.30,2336.00,-50.40,81.00,25.00,0.85
2021-09-15 14:00:00 UTC,0.00,1.27,1.66,2346.00,-51.20,81.00,25.00,1.27
2021-09-15 14:10:00 UTC,0.00,1.13,1.58,2356.00,-51.20,81.00,25.00,1.13
2021-09-15 14:20:00 UTC,0.00,0.79,1.03,2366.00,-51.60,81.00,25.00,0.79
2021-09-15 14:30:00 UTC,0.00,0.81,1.17,2376.00,-50.60,81.00,25.00,0.81
2021-09-15 14:40:00 UTC,0.00,0.53,0.76,2386.00,-50.40,81.00,25.00,0.53
2021-09-15 14:50:00 UTC,0.01,0.52,0.78,2396.00,-52.40,81.00,25.00,0.52
2021-09-15 15:00:00 UTC,0.00,0.28,0.80,2406.00,-51.00,81.00,25.00,0.28
2021-09-15 15:10:00 UTC,0.00,0.92,1.01,2415.00,-51.75,81.00,25.00,0.92
2021-09-15 15:20:00 UTC,,,,,,,,
2021-09-15 15:30:00 UTC,,,,,,,,
2021-09-15 15:40:00 UTC,,,,,,,,
2021-09-15 15:50:00 UTC,,,,,,,,
2021-09-15 16:00:00 UTC,,,,,,,,
2021-09-15 16:10:00 UTC,,,,,,,,
2021-09-15 16:20:00 UTC,,,,,,,,
2021-09-15 16:30:00 UTC,,,,,,,,
2021-09-15 16:40:00 UTC,,,,,,,,
2021-09-15 16:50:00 UTC,,,,,,,,
2021-09-15 17:00:00 UTC,,,,,,,,
2021-09-15 17:10:00 UTC,,,,,,,,
2021-09-15 17:20:00 UTC,,,,,,,,
2021-09-15 17:30:00 UTC,,,,,,,,
2021-09-15 17:40:00 UTC,,,,,,,,
2021-09-15 17:50:00 UTC,,,,,,,,
2021-09-15 18:00:00 UTC,,,,,,,,
2021-09-15 18:10:00 UTC,,,,,,,,
2021-09-15 18:20:00 UTC,,,,,,,,
2021-09-15 18:30:00 UTC,,,,,,,,
2021-09-15 18:40:00 UTC,,,,,,,,
2021-09-15 18:50:00 UTC,,,,,,,,
2021-09-15 19:00:00 UTC,,,,,,,,
2021-09-15 19:10:00 UTC,,,,,,,,
2021-09-15 19:20:00 UTC,,,,,,,,
2021-09-15 19:30:00 UTC,,,,,,,,
2021-09-15 19:40:00 UTC,,,,,,,,
2021-09-15 19:50:00 UTC,,,,,,,,
2021-09-15 20:00:00 UTC,,,,,,,,
2021-09-15 20:10:00 UTC,,,,,,,,
2021-09-15 20:20:00 UTC,1.64,5.27,5.90,5.00,-57.20,80.80,28.20,5.27
2021-09-15 20:30:00 UTC,0.64,4.33,4.70,8.60,-56.60,83.60,26.40,4.33
2021-09-15 20:40:00 UTC,2.16,6.01,6.34,8.00,-61.75,85.00,25.00,6.01
2021-09-15 20:50:00 UTC,84.40,214.52,271.63,5.00,-58.80,86.20,24.00,143.52
2021-09-15 21:00:00 UTC,143.93,321.31,388.36,15.00,-58.40,87.40,23.20,213.74
2021-09-15 21:10:00 UTC,106.45,221.43,260.51,25.00,-58.80,88.00,23.00,147.02
2021-09-15 21:20:00 UTC,77.54,153.57,176.49,35.00,-59.20,89.00,23.00,101.78
2021-09-15 21:30:00 UTC,58.69,111.83,126.88,45.00,-58.60,89.20,23.00,73.92
2021-09-15 21:40:00 UTC,45.97,85.96,96.03,55.00,-60.00,90.00,23.00,56.83
2021-09-15 21:50:00 UTC,28.86,52.22,57.53,65.00,-60.20,90.00,21.60,41.00
2021-09-15 22:00:00 UTC,8.43,19.39,22.04,75.00,-59.20,91.00,21.00,19.33
2021-09-15 22:10:00 UTC,1.81,5.74,6.40,85.00,-59.00,91.00,20.00,5.74
2021-09-15 22:20:00 UTC,0.24,2.99,3.44,95.00,-59.60,91.00,19.60,2.99
2021-09-15 22:30:00 UTC,0.28,2.57,2.84,105.00,-59.80,91.00,19.00,2.57
2021-09-15 22:40:00 UTC,0.05,2.11,2.52,115.00,-58.60,91.00,19.00,2.11
2021-09-15 22:50:00 UTC,0.02,2.17,2.48,125.00,-60.00,91.00,19.00,2.17,
2022-01-17 17:00:00 UTC,26.44,38.70,40.80,12.00,-47.80,83.00,44.20,34.70
2022-01-17 17:10:00 UTC,19.48,29.46,31.79,22.00,-47.60,83.60,43.00,28.84
2022-01-17 17:20:00 UTC,16.58,25.69,27.31,32.00,-49.00,83.80,42.00,25.66
2022-01-17 17:30:00 UTC,14.90,24.17,25.63,42.00,-48.60,83.80,42.00,24.17
2022-01-17 17:40:00 UTC,12.63,23.43,25.10,52.00,-47.80,84.00,41.40,23.43
2022-01-17 17:50:00 UTC,11.89,22.68,24.40,62.00,-47.40,84.20,41.80,22.68
2022-01-17 18:00:00 UTC,13.17,23.80,24.87,72.00,-48.40,85.00,42.00,23.80
2022-01-17 18:10:00 UTC,12.31,22.49,23.81,82.00,-47.20,85.00,41.60,22.49
2022-01-17 18:20:00 UTC,11.25,21.35,23.01,92.00,-48.40,85.00,41.40,21.35
2022-01-17 18:30:00 UTC,10.16,21.46,22.34,102.00,-47.60,85.00,41.40,21.46
2022-01-17 18:40:00 UTC,9.24,20.27,21.33,112.00,-47.20,85.00,41.00,20.27
2022-01-17 18:50:00 UTC,9.83,20.99,22.21,122.00,-47.60,85.00,40.40,20.99
2022-01-17 19:00:00 UTC,10.65,20.56,21.63,132.00,-48.00,85.00,40.80,20.56
2022-01-17 19:10:00 UTC,9.46,21.04,22.03,142.00,-49.00,85.00,39.60,21.04
2022-01-17 19:20:00 UTC,9.59,20.13,21.26,152.00,-49.40,85.00,38.40,20.13
2022-01-17 19:30:00 UTC,9.70,20.46,21.62,159.00,-46.00,85.00,39.00,20.46,
2022-01-18 21:30:00 UTC,15.38,24.32,26.27,3.00,-62.33,77.33,51.67,24.32
2022-01-18 21:40:00 UTC,14.77,23.85,24.91,11.00,-61.20,79.80,48.40,23.85
2022-01-18 21:50:00 UTC,13.64,22.35,24.09,21.00,-59.00,81.60,45.60,22.35
2022-01-18 22:00:00 UTC,14.05,22.24,23.56,31.00,-57.80,82.80,43.40,22.24
2022-01-18 22:10:00 UTC,275.49,361.03,368.12,41.00,-58.40,83.80,41.60,241.05
2022-01-18 22:20:00 UTC,28.95,37.45,38.77,51.00,-58.20,84.00,40.60,32.57
2022-01-18 22:30:00 UTC,10.02,19.73,21.00,61.00,-58.00,84.00,40.00,19.73
2022-01-18 22:40:00 UTC,10.56,20.20,20.90,71.00,-57.60,84.60,40.00,20.20
2022-01-18 22:50:00 UTC,9.72,20.02,20.94,81.00,-57.00,85.00,40.40,20.02
2022-01-18 23:00:00 UTC,10.56,20.10,21.35,91.00,-59.00,85.00,40.60,20.10
2022-01-18 23:10:00 UTC,10.03,20.24,21.00,101.00,-55.20,85.00,41.00,20.24
2022-01-18 23:20:00 UTC,10.36,20.55,21.46,111.00,-58.00,85.00,40.60,20.55
2022-01-18 23:30:00 UTC,10.58,20.48,21.28,121.00,-59.00,85.00,40.00,20.48
2022-01-18 23:40:00 UTC,10.68,20.52,21.66,131.00,-57.80,85.00,40.00,20.52
2022-01-18 23:50:00 UTC,10.93,20.19,21.39,141.00,-58.00,85.00,40.00,20.19,
2022-01-19 00:00:00 UTC,10.75,20.82,21.63,151.00,-56.60,85.00,40.00,20.82
2022-01-19 00:10:00 UTC,9.74,19.60,20.54,161.00,-58.20,85.00,40.00,19.60
2022-01-19 00:20:00 UTC,9.72,19.91,20.59,171.00,-58.20,85.00,40.20,19.91
2022-01-19 00:30:00 UTC,10.12,19.39,20.10,181.00,-56.40,85.00,41.00,19.39
2022-01-19 00:40:00 UTC,9.84,19.58,20.86,190.00,-59.75,85.00,41.00,19.58
2022-01-19 00:50:00 UTC,9.44,19.68,20.78,200.00,-59.00,85.00,41.00,19.68
2022-01-19 01:00:00 UTC,9.07,19.65,20.57,210.00,-59.75,85.00,41.00,19.65
2022-01-19 01:10:00 UTC,9.33,20.02,21.34,220.00,-59.83,85.00,41.00,20.02
2022-01-19 01:20:00 UTC,9.24,19.34,20.62,231.00,-55.20,85.00,41.00,19.34
2022-01-19 01:30:00 UTC,9.30,19.59,20.74,240.00,-58.00,85.00,41.00,19.59
2022-01-19 01:40:00 UTC,9.00,18.99,20.09,249.00,-56.40,85.00,41.00,18.99
2022-01-19 01:50:00 UTC,8.41,18.79,19.73,259.00,-58.40,85.00,41.00,18.79
2022-01-19 02:00:00 UTC,8.44,18.29,19.48,269.00,-57.00,85.00,41.00,18.29
2022-01-19 02:10:00 UTC,8.63,18.97,19.65,279.00,-56.60,85.00,41.00,18.97
2022-01-19 02:20:00 UTC,8.43,18.69,19.62,289.00,-54.60,85.00,42.00,18.69
2022-01-19 02:30:00 UTC,9.65,19.79,20.83,299.20,-59.00,85.00,42.00,19.79
2022-01-19 02:40:00 UTC,9.67,19.80,21.03,310.00,-56.40,85.00,42.00,19.80
2022-01-19 02:50:00 UTC,9.42,19.35,20.46,320.00,-58.60,85.00,42.00,19.35
2022-01-19 03:00:00 UTC,9.11,19.63,20.45,330.00,-57.40,85.00,42.00,19.63
2022-01-19 03:10:00 UTC,8.86,19.31,20.38,340.00,-56.00,85.00,42.00,19.31
2022-01-19 03:20:00 UTC,8.51,18.74,19.91,350.00,-57.00,85.00,42.00,18.74
2022-01-19 03:30:00 UTC,9.28,19.10,20.15,360.00,-55.40,85.00,42.00,19.10
2022-01-19 03:40:00 UTC,9.10,19.23,20.18,370.00,-53.40,85.00,42.00,19.23
2022-01-19 03:50:00 UTC,8.93,18.48,19.52,380.00,-59.00,85.00,42.00,18.48
2022-01-19 04:00:00 UTC,7.94,17.47,18.95,390.00,-56.60,85.00,42.00,17.47
2022-01-19 04:10:00 UTC,7.86,17.71,18.76,400.00,-58.20,85.00,42.00,17.71
2022-01-19 04:20:00 UTC,7.83,17.68,18.92,410.00,-56.80,85.00,42.00,17.68
2022-01-19 04:30:00 UTC,8.18,18.00,18.93,420.00,-58.20,85.00,42.00,18.00
2022-01-19 04:40:00 UTC,8.16,17.97,18.93,430.00,-57.20,85.00,42.00,17.97
2022-01-19 04:50:00 UTC,7.91,17.16,18.77,440.00,-55.60,85.00,42.00,17.16
2022-01-19 05:00:00 UTC,8.10,17.55,18.67,450.00,-57.60,85.00,42.00,17.55
2022-01-19 05:10:00 UTC,7.73,16.82,18.23,460.00,-58.20,85.00,43.00,16.82
2022-01-19 05:20:00 UTC,7.74,17.21,18.10,470.00,-59.40,85.00,43.00,17.21
2022-01-19 05:30:00 UTC,7.88,17.43,18.65,480.00,-57.80,85.00,43.00,17.43
2022-01-19 05:40:00 UTC,7.92,17.60,18.60,490.00,-58.40,85.00,43.00,17.60
2022-01-19 05:50:00 UTC,7.46,17.52,18.83,500.00,-58.00,85.00,43.00,17.52
2022-01-19 06:00:00 UTC,7.73,17.27,18.28,510.00,-54.80,85.00,43.00,17.27
2022-01-19 06:10:00 UTC,7.40,17.56,18.62,520.00,-54.80,85.00,43.00,17.56
2022-01-19 06:20:00 UTC,7.98,18.47,19.38,530.00,-59.00,85.00,43.00,18.47
2022-01-19 06:30:00 UTC,8.17,18.22,19.38,540.00,-57.00,85.00,43.00,18.22
2022-01-19 06:40:00 UTC,7.73,17.80,18.93,550.00,-57.80,85.00,43.00,17.80
2022-01-19 06:50:00 UTC,8.09,18.40,19.41,560.00,-56.60,85.00,43.00,18.40
2022-01-19 07:00:00 UTC,7.82,18.26,19.43,570.00,-55.60,85.00,43.00,18.26
2022-01-19 07:10:00 UTC,7.91,18.10,18.94,580.00,-57.80,85.00,43.00,18.10
2022-01-19 07:20:00 UTC,7.76,17.67,18.82,590.00,-55.00,85.00,43.00,17.67
2022-01-19 07:30:00 UTC,8.22,18.60,19.83,600.00,-56.40,85.00,43.00,18.60
2022-01-19 07:40:00 UTC,8.62,18.46,19.09,610.00,-56.20,85.00,43.00,18.46
2022-01-19 07:50:00 UTC,8.59,18.72,20.00,620.00,-55.20,85.00,43.00,18.72
2022-01-19 08:00:00 UTC,8.89,18.80,19.85,630.00,-56.80,85.00,43.00,18.80
2022-01-19 08:10:00 UTC,9.29,19.27,20.14,640.00,-59.00,85.00,43.00,19.27
2022-01-19 08:20:00 UTC,9.28,19.94,20.65,650.00,-56.80,85.00,43.00,19.94
2022-01-19 08:30:00 UTC,14.25,22.91,24.62,660.00,-57.00,85.00,43.00,22.91
2022-01-19 08:40:00 UTC,16.41,24.70,26.01,670.00,-55.40,85.00,43.00,24.70
2022-01-19 08:50:00 UTC,14.49,24.03,25.04,680.00,-55.40,85.00,43.00,24.03
2022-01-19 09:00:00 UTC,15.32,23.56,25.11,690.00,-54.20,85.00,43.00,23.56
2022-01-19 09:10:00 UTC,15.48,23.92,24.66,700.00,-56.40,84.80,43.00,23.92
2022-01-19 09:20:00 UTC,15.04,23.56,24.36,710.00,-57.00,85.00,43.00,23.56
2022-01-19 09:30:00 UTC,15.65,23.51,24.98,720.00,-56.00,85.00,43.00,23.51
2022-01-19 09:40:00 UTC,14.78,23.10,24.71,730.00,-54.00,85.00,43.00,23.10
2022-01-19 09:50:00 UTC,15.83,24.05,25.34,740.00,-55.20,85.00,43.00,24.05
2022-01-19 10:00:00 UTC,16.33,24.90,26.19,750.00,-55.00,85.00,43.00,24.90
2022-01-19 10:10:00 UTC,17.44,25.18,26.43,760.00,-55.80,85.00,43.00,25.18
2022-01-19 10:20:00 UTC,17.32,25.44,26.92,770.00,-56.80,85.00,43.00,25.44
2022-01-19 10:30:00 UTC,16.91,25.47,26.54,780.00,-54.80,85.00,43.00,25.47
2022-01-19 10:40:00 UTC,17.15,25.09,26.54,790.00,-57.00,85.00,43.00,25.09
2022-01-19 10:50:00 UTC,17.12,25.41,26.73,800.00,-54.20,84.80,43.00,25.41
2022-01-19 11:00:00 UTC,16.75,25.09,26.02,810.00,-54.20,84.80,43.00,25.09
2022-01-19 11:10:00 UTC,17.21,24.80,26.47,820.00,-57.40,85.00,43.00,24.80
2022-01-19 11:20:00 UTC,16.80,24.76,26.12,830.00,-54.80,85.00,43.00,24.76
2022-01-19 11:30:00 UTC,17.46,25.49,26.57,840.00,-56.00,85.00,43.00,25.49
2022-01-19 11:40:00 UTC,18.13,26.24,27.11,850.00,-60.00,85.00,43.00,26.24
2022-01-19 11:50:00 UTC,17.64,26.66,28.02,860.00,-59.40,85.00,43.00,26.66
2022-01-19 12:00:00 UTC,18.45,26.95,28.50,870.00,-57.40,85.00,43.00,26.95
2022-01-19 12:10:00 UTC,18.82,28.49,30.00,880.00,-58.80,85.00,43.00,28.44
2022-01-19 12:20:00 UTC,19.74,29.21,30.99,890.00,-59.80,85.00,43.00,28.83
2022-01-19 12:30:00 UTC,20.72,31.19,33.14,900.00,-59.40,84.20,43.00,30.30
2022-01-19 12:40:00 UTC,20.92,31.12,32.82,910.00,-63.20,84.00,43.20,30.38
2022-01-19 12:50:00 UTC,19.25,28.51,30.68,920.00,-65.40,84.00,43.00,28.32
2022-01-19 13:00:00 UTC,17.35,27.09,28.07,930.00,-64.20,85.00,43.00,27.09
2022-01-19 13:10:00 UTC,18.42,27.54,29.70,940.00,-64.40,85.00,42.60,27.48
2022-01-19 13:20:00 UTC,17.20,25.97,27.13,950.00,-66.60,85.00,42.00,25.97
2022-01-19 13:30:00 UTC,15.85,23.53,24.81,960.00,-65.60,85.00,41.40,23.53
2022-01-19 13:40:00 UTC,14.15,22.51,23.74,970.00,-64.20,85.00,41.00,22.51
2022-01-19 13:50:00 UTC,9.01,19.56,20.17,980.00,-62.00,85.00,40.40,19.56
2022-01-19 14:00:00 UTC,8.17,18.31,19.27,990.00,-62.00,85.00,40.00,18.31
2022-01-19 14:10:00 UTC,8.81,18.79,19.86,1000.00,-60.20,85.80,40.00,18.79
2022-01-19 14:20:00 UTC,9.20,19.61,20.90,1010.00,-60.40,86.00,39.20,19.61
2022-01-19 14:30:00 UTC,9.08,19.29,20.14,1020.00,-62.40,86.00,39.00,19.29
2022-01-19 14:40:00 UTC,9.78,20.15,20.83,1030.00,-64.60,86.00,39.00,20.15
2022-01-19 14:50:00 UTC,10.03,19.70,21.03,1039.00,-63.00,85.75,39.00,19.70
2022-01-19 15:00:00 UTC,10.69,21.21,22.35,1050.00,-62.80,85.60,38.60,21.21
2022-01-19 15:10:00 UTC,14.74,23.13,24.22,1060.00,-60.20,85.80,38.00,23.13
2022-01-19 15:20:00 UTC,14.36,22.44,23.54,1070.00,-62.40,85.80,38.00,22.44
2022-01-19 15:30:00 UTC,11.73,21.53,22.56,1080.00,-65.20,86.00,37.40,21.53
2022-01-19 15:40:00 UTC,10.09,20.94,22.13,1090.00,-62.20,86.00,37.00,20.94
2022-01-19 15:50:00 UTC,10.44,20.77,21.84,1100.00,-62.00,86.00,37.00,20.77
2022-01-19 16:00:00 UTC,15.06,22.84,24.26,1110.00,-60.20,86.00,37.00,22.84
2022-01-19 16:10:00 UTC,10.17,20.23,21.41,1120.00,-61.40,85.80,36.20,20.23
2022-01-19 16:20:00 UTC,7.34,17.16,18.08,1130.00,-62.00,86.00,35.00,17.16
2022-01-19 16:30:00 UTC,6.89,15.96,17.22,1140.00,-60.80,86.00,34.40,15.96
2022-01-19 16:40:00 UTC,7.40,16.37,17.91,1150.00,-60.80,86.00,34.40,16.37
2022-01-19 16:50:00 UTC,7.45,17.07,18.11,1160.00,-61.20,86.00,34.00,17.07
2022-01-19 17:00:00 UTC,5.58,11.25,12.95,1170.00,-61.60,86.00,33.20,11.25
2022-01-19 17:10:00 UTC,4.67,9.89,10.73,1180.00,-59.20,86.80,32.80,9.89
2022-01-19 17:20:00 UTC,5.72,11.62,12.97,1190.00,-56.80,87.00,31.80,11.62
2022-01-19 17:30:00 UTC,2.53,5.10,5.38,1200.00,-58.00,87.00,30.60,5.10
2022-01-19 17:40:00 UTC,5.50,11.33,12.39,1210.00,-57.40,87.60,31.00,11.33
2022-01-19 17:50:00 UTC,4.79,8.55,9.70,1220.00,-57.40,88.00,30.40,8.55
2022-01-19 18:00:00 UTC,4.42,8.87,9.52,1230.00,-56.40,88.00,31.00,8.87
2022-01-19 18:10:00 UTC,3.95,7.43,7.75,1240.00,-59.40,88.00,31.00,7.43
2022-01-19 18:20:00 UTC,3.73,6.79,7.27,1250.00,-58.40,88.00,31.00,6.79
2022-01-19 18:30:00 UTC,1.92,4.21,4.57,1260.00,-57.60,88.00,30.40,4.21
2022-01-19 18:40:00 UTC,1.17,3.65,3.86,1270.00,-58.60,88.00,29.60,3.65
2022-01-19 18:50:00 UTC,1.07,3.10,3.34,1280.00,-55.40,88.00,29.00,3.10
2022-01-19 19:00:00 UTC,0.97,3.07,3.41,1290.00,-58.60,88.20,29.20,3.07
2022-01-19 19:10:00 UTC,0.69,3.19,3.46,1300.00,-60.20,88.40,29.00,3.19
2022-01-19 19:20:00 UTC,2.02,4.20,4.48,1310.00,-59.00,89.00,29.00,4.20
2022-01-19 19:30:00 UTC,1.36,3.54,3.83,1320.00,-59.20,89.00,29.00,3.54
2022-01-19 19:40:00 UTC,2.46,5.57,5.78,1330.00,-62.60,89.00,28.80,5.57
2022-01-19 19:50:00 UTC,2.47,4.96,5.08,1340.00,-59.40,89.00,29.40,4.96
2022-01-19 20:00:00 UTC,0.59,2.83,3.08,1350.00,-62.00,89.00,28.80,2.83
2022-01-19 20:10:00 UTC,1.01,3.65,3.98,4.00,-63.00,89.00,29.00,3.65
2022-01-19 20:20:00 UTC,1.94,4.61,4.96,13.00,-60.20,89.00,28.60,4.61
2022-01-19 20:30:00 UTC,1.49,3.73,3.97,23.00,-57.40,90.00,28.00,3.73
2022-01-19 20:40:00 UTC,2.31,4.53,4.67,33.00,-59.80,90.00,28.00,4.53
2022-01-19 20:50:00 UTC,3.03,4.98,5.10,17.80,-60.60,89.80,28.00,4.98
2022-01-19 21:00:00 UTC,2.95,4.91,4.98,11.00,-63.40,90.00,27.80,4.91
2022-01-19 21:10:00 UTC,3.53,6.49,6.78,21.00,-60.00,90.00,28.00,6.49
2022-01-19 21:20:00 UTC,20.24,26.65,27.61,31.00,-59.40,90.00,28.80,23.31
2022-01-19 21:30:00 UTC,7.68,12.91,14.02,41.00,-66.20,90.00,29.00,12.91
2022-01-19 21:40:00 UTC,20.25,26.81,27.78,51.00,-61.20,90.00,29.00,22.66
2022-01-19 21:50:00 UTC,14.85,19.93,20.39,61.00,-58.40,90.00,29.00,18.92
2022-01-19 22:00:00 UTC,10.38,17.20,18.66,71.00,-60.60,90.00,29.20,17.20
2022-01-19 22:10:00 UTC,6.31,11.21,12.48,81.00,-63.60,90.00,29.60,11.21
2022-01-19 22:20:00 UTC,6.04,9.55,10.52,91.00,-59.20,90.00,29.00,9.55
2022-01-19 22:30:00 UTC,6.38,10.65,12.22,101.00,-62.00,90.00,30.00,10.65
2022-01-19 22:40:00 UTC,6.80,13.03,15.12,111.00,-61.60,90.00,30.20,13.03
2022-01-19 22:50:00 UTC,6.74,12.40,14.25,121.00,-61.40,90.00,31.00,12.40
2022-01-19 23:00:00 UTC,6.88,13.20,15.27,131.00,-63.20,89.20,31.00,13.20
2022-01-19 23:10:00 UTC,6.86,13.43,15.59,141.00,-60.20,89.00,31.60,13.43
2022-01-19 23:20:00 UTC,7.11,13.92,15.39,151.00,-62.60,89.00,32.00,13.92
2022-01-19 23:30:00 UTC,7.47,14.05,15.70,161.00,-62.60,89.00,32.80,14.05
2022-01-19 23:40:00 UTC,7.61,14.80,16.83,171.00,-60.00,89.00,33.20,14.80
2022-01-19 23:50:00 UTC,7.09,14.20,15.81,181.00,-62.60,89.00,34.00,14.20,
2022-01-20 00:00:00 UTC,6.95,14.81,16.34,191.00,-63.60,89.00,34.80,14.81
2022-01-20 00:10:00 UTC,7.73,15.48,17.06,201.00,-67.00,89.00,35.40,15.48
2022-01-20 00:20:00 UTC,7.75,16.03,17.00,211.00,-62.40,88.40,36.00,16.03
2022-01-20 00:30:00 UTC,7.75,15.54,17.37,221.00,-62.40,88.00,36.00,15.54
2022-01-20 00:40:00 UTC,7.54,16.05,17.76,231.00,-66.00,88.00,36.20,16.05
2022-01-20 00:50:00 UTC,7.43,16.43,17.47,241.00,-66.00,88.00,37.00,16.43
2022-01-20 01:00:00 UTC,7.43,15.92,17.43,251.00,-64.60,88.00,37.40,15.92
2022-01-20 01:10:00 UTC,7.74,17.05,18.38,261.00,-63.60,88.00,38.00,17.05
2022-01-20 01:20:00 UTC,8.38,17.74,18.27,271.00,-63.20,88.00,38.00,17.74
2022-01-20 01:30:00 UTC,7.81,16.24,17.76,281.00,-63.00,88.00,38.00,16.24
2022-01-20 01:40:00 UTC,7.96,17.34,18.37,291.00,-61.20,88.00,38.80,17.34
2022-01-20 01:50:00 UTC,7.66,17.51,18.42,301.00,-62.40,88.00,39.00,17.51
2022-01-20 02:00:00 UTC,8.56,18.20,19.18,311.00,-62.60,88.00,39.00,18.20
2022-01-20 02:10:00 UTC,8.70,18.27,19.27,321.00,-63.20,88.00,39.60,18.27
2022-01-20 02:20:00 UTC,9.28,19.43,20.48,331.00,-62.40,87.60,40.00,19.43
2022-01-20 02:30:00 UTC,9.31,19.28,20.41,341.00,-62.40,87.00,40.00,19.28
2022-01-20 02:40:00 UTC,9.57,19.58,20.66,351.00,-63.40,87.00,40.00,19.58
2022-01-20 02:50:00 UTC,9.04,19.08,20.03,361.40,-61.80,87.00,40.00,19.08
2022-01-20 03:00:00 UTC,9.15,19.28,19.75,372.00,-64.20,87.00,41.00,19.28
2022-01-20 03:10:00 UTC,8.93,19.22,20.19,382.00,-63.60,87.00,41.00,19.22
2022-01-20 03:20:00 UTC,8.84,19.15,19.84,392.00,-64.00,87.00,41.00,19.15
2022-01-20 03:30:00 UTC,9.02,18.96,19.85,402.00,-63.60,87.00,41.00,18.96
2022-01-20 03:40:00 UTC,9.43,18.93,20.30,412.00,-62.60,87.00,41.00,18.93
2022-01-20 03:50:00 UTC,10.06,19.67,20.74,422.00,-62.20,87.00,41.00,19.67
2022-01-20 04:00:00 UTC,9.54,19.82,20.69,432.00,-60.20,87.00,41.00,19.82
2022-01-20 04:10:00 UTC,9.63,19.91,20.59,442.00,-64.40,87.00,41.00,19.91
2022-01-20 04:20:00 UTC,9.93,19.91,21.15,452.00,-64.00,87.00,41.00,19.91
2022-01-20 04:30:00 UTC,9.85,20.01,20.52,462.00,-62.80,87.00,41.20,20.01
2022-01-20 04:40:00 UTC,10.23,20.53,21.70,472.00,-63.40,87.00,41.80,20.53
2022-01-20 04:50:00 UTC,10.25,21.13,21.86,482.00,-61.60,87.00,42.00,21.13
2022-01-20 05:00:00 UTC,10.61,20.37,22.10,492.00,-62.20,87.00,42.00,20.37
2022-01-20 05:10:00 UTC,10.53,20.75,21.77,502.00,-61.80,87.00,42.00,20.75
2022-01-20 05:20:00 UTC,11.43,21.36,22.19,512.00,-62.00,87.00,42.00,21.36
2022-01-20 05:30:00 UTC,11.73,21.34,22.63,522.00,-62.20,87.00,42.00,21.34
2022-01-20 05:40:00 UTC,11.30,21.54,22.94,532.00,-63.20,87.00,42.00,21.54
2022-01-20 05:50:00 UTC,11.09,21.91,22.43,542.00,-62.20,87.00,42.00,21.91
2022-01-20 06:00:00 UTC,11.47,21.17,22.29,552.00,-62.40,87.00,42.00,21.17
2022-01-20 06:10:00 UTC,11.25,21.20,22.43,562.00,-63.20,87.00,42.00,21.20
2022-01-20 06:20:00 UTC,11.86,21.85,23.07,572.00,-62.80,87.00,42.00,21.85
2022-01-20 06:30:00 UTC,14.15,23.41,25.12,582.00,-62.00,87.00,42.00,23.41
2022-01-20 06:40:00 UTC,15.69,25.02,26.38,592.00,-61.40,87.00,42.00,25.02
2022-01-20 06:50:00 UTC,16.87,25.24,26.71,602.00,-62.00,87.00,42.00,25.24
2022-01-20 07:00:00 UTC,16.83,25.84,27.30,612.00,-64.60,87.00,42.00,25.84
2022-01-20 07:10:00 UTC,17.06,25.86,26.96,622.00,-63.60,87.00,42.00,25.86
2022-01-20 07:20:00 UTC,16.64,25.38,26.45,632.00,-64.00,87.00,42.00,25.38
2022-01-20 07:30:00 UTC,15.74,25.19,26.38,642.00,-63.60,87.00,42.00,25.19
2022-01-20 07:40:00 UTC,17.71,25.87,27.22,652.00,-62.00,87.00,42.00,25.87
2022-01-20 07:50:00 UTC,17.43,26.45,27.67,662.00,-62.60,87.00,42.00,26.45
2022-01-20 08:00:00 UTC,16.79,25.90,27.52,672.00,-60.80,87.00,42.00,25.90
2022-01-20 08:10:00 UTC,16.47,25.18,26.49,682.00,-62.20,87.00,42.00,25.18
2022-01-20 08:20:00 UTC,17.26,25.91,27.15,692.00,-60.20,86.20,42.00,25.91
2022-01-20 08:30:00 UTC,16.70,26.37,27.62,702.00,-62.00,86.00,42.00,26.37
2022-01-20 08:40:00 UTC,17.22,25.91,27.25,712.00,-61.80,86.00,42.00,25.91
2022-01-20 08:50:00 UTC,17.41,26.60,28.49,722.00,-61.80,86.00,42.00,26.60
2022-01-20 09:00:00 UTC,18.02,28.29,29.90,732.00,-66.40,86.00,42.00,28.12
2022-01-20 09:10:00 UTC,19.05,27.89,29.35,742.00,-65.20,86.00,42.00,27.84
2022-01-20 09:20:00 UTC,18.46,28.10,29.02,752.00,-61.40,86.00,42.00,28.04
2022-01-20 09:30:00 UTC,18.87,27.51,28.98,762.00,-61.80,86.00,42.00,27.46
2022-01-20 09:40:00 UTC,18.50,27.86,29.14,772.00,-61.00,86.00,42.00,27.84
2022-01-20 09:50:00 UTC,19.43,28.28,29.81,782.00,-64.20,86.00,42.00,28.20
2022-01-20 10:00:00 UTC,19.08,28.38,29.99,792.00,-62.60,86.00,42.00,28.33
2022-01-20 10:10:00 UTC,19.36,28.81,30.24,802.00,-61.60,86.00,42.00,28.71
2022-01-20 10:20:00 UTC,19.58,29.52,30.82,812.00,-60.80,86.00,42.00,29.28
2022-01-20 10:30:00 UTC,19.84,29.79,31.46,822.00,-61.00,86.00,42.00,29.43
2022-01-20 10:40:00 UTC,20.62,30.12,31.41,832.00,-60.00,86.00,42.00,29.73
2022-01-20 10:50:00 UTC,21.28,30.29,32.00,842.00,-64.40,86.00,42.00,29.73
2022-01-20 11:00:00 UTC,20.96,30.70,32.53,852.00,-64.60,86.00,42.00,29.98
2022-01-20 11:10:00 UTC,21.30,31.11,32.41,862.00,-63.60,86.00,42.00,30.22
2022-01-20 11:20:00 UTC,21.57,31.46,32.90,872.00,-66.80,86.00,42.00,30.49
2022-01-20 11:30:00 UTC,21.81,31.22,32.72,882.00,-63.00,86.00,42.00,30.36
2022-01-20 11:40:00 UTC,22.47,32.15,33.61,892.00,-62.00,86.00,42.00,30.96
2022-01-20 11:50:00 UTC,23.20,32.88,34.86,902.00,-62.20,86.00,41.20,31.41
2022-01-20 12:00:00 UTC,23.20,33.53,35.01,912.00,-62.20,86.00,41.00,31.67
2022-01-20 12:10:00 UTC,23.66,33.31,35.16,922.00,-61.60,86.00,41.00,31.51
2022-01-20 12:20:00 UTC,25.11,35.86,37.98,932.00,-59.60,86.00,41.60,32.91
2022-01-20 12:30:00 UTC,28.36,42.06,44.19,942.00,-62.60,86.00,42.00,36.83
2022-01-20 12:40:00 UTC,30.32,45.09,48.03,950.00,-63.67,86.00,42.00,38.55
2022-01-20 12:50:00 UTC,32.83,47.62,50.42,961.50,-62.75,86.00,42.00,39.88
2022-01-20 13:00:00 UTC,31.62,46.11,48.33,972.00,-62.00,86.00,42.00,39.02
2022-01-20 13:10:00 UTC,26.41,39.28,41.27,982.00,-64.20,85.80,42.20,35.04
2022-01-20 13:20:00 UTC,25.67,38.19,40.42,992.00,-64.20,85.00,42.40,34.46
2022-01-20 13:30:00 UTC,24.26,36.26,38.59,1002.00,-65.80,85.00,42.00,33.25
2022-01-20 13:40:00 UTC,24.33,36.10,38.08,1012.00,-63.60,85.00,42.60,33.25
2022-01-20 13:50:00 UTC,23.28,33.47,35.49,1022.00,-62.20,85.00,42.00,31.77
2022-01-20 14:00:00 UTC,20.45,30.87,32.83,1032.00,-67.00,84.80,41.40,30.13
2022-01-20 14:10:00 UTC,21.52,30.99,32.80,1041.00,-64.50,85.00,41.50,30.18
2022-01-20 14:20:00 UTC,23.40,34.00,36.10,1049.00,-64.50,85.00,41.75,31.95
2022-01-20 14:30:00 UTC,10.40,18.72,20.16,1063.00,-60.75,85.00,38.75,18.72
2022-01-20 14:40:00 UTC,14.84,22.50,23.61,1072.00,-58.40,85.80,38.00,22.01
2022-01-20 14:50:00 UTC,31.07,44.44,46.04,1082.00,-60.20,86.00,37.20,34.69
2022-01-20 15:00:00 UTC,11.39,19.70,20.73,1092.00,-58.20,86.00,36.80,19.47
2022-01-20 15:10:00 UTC,7.63,16.37,17.57,1102.00,-58.80,86.00,36.40,16.37
2022-01-20 15:20:00 UTC,7.18,14.88,15.92,1111.00,-58.75,86.75,35.75,14.88
2022-01-20 15:30:00 UTC,11.98,21.49,22.64,1123.00,-60.25,87.00,34.75,21.49
2022-01-20 15:40:00 UTC,7.79,16.27,17.47,1132.00,-61.20,87.00,35.00,16.27
2022-01-20 15:50:00 UTC,6.12,12.23,13.68,1142.00,-66.40,87.00,34.00,12.23
2022-01-20 16:00:00 UTC,6.00,12.80,14.00,1152.00,-65.60,87.20,33.60,12.80
2022-01-20 16:10:00 UTC,6.43,12.58,14.44,1162.00,-61.40,87.60,33.80,12.58
2022-01-20 16:20:00 UTC,5.66,10.03,11.45,1172.00,-59.20,88.00,34.00,10.03
2022-01-20 16:30:00 UTC,5.22,9.46,10.10,1182.00,-63.40,88.00,33.60,9.46
2022-01-20 16:40:00 UTC,4.75,8.37,8.96,1192.00,-66.60,88.00,34.00,8.37
2022-01-20 16:50:00 UTC,4.26,7.11,7.71,1202.00,-63.80,88.00,34.20,7.11
2022-01-20 17:00:00 UTC,3.52,6.30,6.73,1212.00,-62.00,88.40,31.80,6.30
2022-01-20 17:10:00 UTC,3.56,6.67,6.97,1222.00,-60.40,89.00,30.20,6.67
2022-01-20 17:20:00 UTC,4.56,8.35,8.76,1232.00,-64.20,89.00,30.60,8.35
2022-01-20 17:30:00 UTC,6.08,9.86,10.56,1242.00,-65.40,89.40,30.40,9.70
2022-01-20 17:40:00 UTC,12.71,19.69,20.97,1252.00,-63.00,90.00,29.20,19.69
2022-01-20 17:50:00 UTC,3.01,5.91,6.18,1262.00,-60.80,90.00,28.00,5.91
2022-01-20 18:00:00 UTC,3.43,6.00,6.28,1272.00,-61.60,90.00,28.00,6.00
2022-01-20 18:10:00 UTC,4.05,7.36,7.90,1282.00,-63.20,90.00,28.80,7.36
2022-01-20 18:20:00 UTC,3.68,6.58,6.87,1292.00,-64.20,90.00,29.00,6.58
2022-01-20 18:30:00 UTC,3.99,6.93,7.15,1302.00,-63.00,90.00,29.00,6.93
2022-01-20 18:40:00 UTC,3.14,5.90,6.17,1312.00,-63.80,90.00,29.00,5.90
2022-01-20 18:50:00 UTC,3.76,6.32,6.68,1321.00,-63.50,90.00,29.75,6.32
2022-01-20 19:00:00 UTC,,,,,,,,
2022-01-20 19:10:00 UTC,3.85,6.73,6.92,1344.00,-65.00,90.00,29.00,6.73
2022-01-20 19:20:00 UTC,3.98,6.59,6.82,1351.00,-69.17,90.00,28.17,6.59
2022-01-20 19:30:00 UTC,6.88,11.64,12.37,1362.00,-71.60,91.00,28.80,11.62
2022-01-20 19:40:00 UTC,7.62,13.19,14.14,1372.00,-68.40,90.40,28.00,13.18
2022-01-20 19:50:00 UTC,2.81,5.38,5.67,1382.00,-72.80,90.20,27.60,5.38
2022-01-20 20:00:00 UTC,2.36,4.98,5.13,1392.00,-69.80,91.00,27.00,4.98
2022-01-20 20:10:00 UTC,2.08,4.42,4.82,1402.00,-61.60,90.00,27.40,4.42
2022-01-20 20:20:00 UTC,1.19,3.43,3.70,1412.00,-60.00,90.00,26.40,3.43
2022-01-20 20:30:00 UTC,1.33,3.50,3.75,1422.00,-62.60,90.00,26.40,3.50
2022-01-20 20:40:00 UTC,1.99,3.98,4.16,1432.00,-65.80,89.00,27.00,3.98
2022-01-20 20:50:00 UTC,1.39,3.61,4.09,1442.00,-60.00,89.00,27.60,3.61
2022-01-20 21:00:00 UTC,1.22,3.52,3.70,1452.00,-59.80,89.00,26.60,3.52
2022-01-20 21:10:00 UTC,0.39,2.95,3.20,1462.00,-60.00,89.00,26.80,2.95
2022-01-20 21:20:00 UTC,0.62,2.85,3.06,1472.00,-61.60,89.00,26.20,2.85
2022-01-20 21:30:00 UTC,1.62,3.75,4.13,1482.00,-64.60,89.00,26.20,3.75
2022-01-20 21:40:00 UTC,9.41,16.81,18.17,1492.00,-63.40,89.00,26.00,15.40
2022-01-20 21:50:00 UTC,7.08,12.42,13.60,1502.00,-60.20,89.00,26.20,12.41
2022-01-20 22:00:00 UTC,2.45,4.72,4.94,1512.00,-62.00,89.00,26.20,4.72
2022-01-20 22:10:00 UTC,2.72,4.76,5.17,1522.00,-57.00,89.00,26.60,4.76
2022-01-20 22:20:00 UTC,2.89,5.44,5.74,1532.00,-60.20,88.80,27.60,5.44
2022-01-20 22:30:00 UTC,2.90,5.43,5.81,1542.00,-60.00,89.00,28.00,5.43
2022-01-20 22:40:00 UTC,3.42,6.14,6.45,1552.00,-60.40,89.00,28.20,6.14
2022-01-20 22:50:00 UTC,3.48,5.72,5.99,1562.00,-59.20,88.20,29.00,5.72
2022-01-20 23:00:00 UTC,2.82,5.33,5.76,1572.00,-59.20,88.00,29.00,5.33
2022-01-20 23:10:00 UTC,3.10,5.53,5.85,1582.00,-58.20,88.00,29.60,5.53
2022-01-20 23:20:00 UTC,3.22,5.44,5.83,1592.00,-59.00,88.00,30.00,5.44
2022-01-20 23:30:00 UTC,3.59,6.03,6.33,1602.00,-59.40,88.00,30.00,6.03
2022-01-20 23:40:00 UTC,3.49,6.11,6.60,1612.00,-59.20,88.00,30.60,6.11
2022-01-20 23:50:00 UTC,3.87,6.16,6.37,1622.00,-60.60,88.00,31.00,6.16,
2022-01-21 00:00:00 UTC,3.70,6.31,6.54,1632.00,-58.60,88.00,31.00,6.31
2022-01-21 00:10:00 UTC,3.66,6.14,6.34,1642.00,-60.00,88.00,31.80,6.14
2022-01-21 00:20:00 UTC,3.71,6.34,6.67,1652.00,-60.40,88.00,32.00,6.34
2022-01-21 00:30:00 UTC,4.13,7.12,7.83,1662.00,-58.40,88.00,32.00,7.12
2022-01-21 00:40:00 UTC,4.52,7.75,8.03,1672.00,-59.00,88.00,32.00,7.75
2022-01-21 00:50:00 UTC,5.11,8.33,8.80,1682.00,-59.60,88.00,33.00,8.33
2022-01-21 01:00:00 UTC,5.17,8.26,8.72,1692.00,-58.60,87.60,33.00,8.26
2022-01-21 01:10:00 UTC,5.51,8.98,9.54,1702.00,-59.60,87.00,33.00,8.98
2022-01-21 01:20:00 UTC,5.86,9.63,10.87,1712.00,-59.20,87.00,34.00,9.63
2022-01-21 01:30:00 UTC,6.07,9.82,10.35,1722.00,-60.20,87.00,34.00,9.82
2022-01-21 01:40:00 UTC,6.11,10.15,11.02,1732.00,-59.80,87.00,34.40,10.15
2022-01-21 01:50:00 UTC,6.16,10.34,11.91,1742.00,-59.20,87.00,35.00,10.34
2022-01-21 02:00:00 UTC,6.75,11.13,13.75,1752.00,-60.20,87.00,35.40,11.13
2022-01-21 02:10:00 UTC,7.52,15.33,16.85,1762.00,-60.40,87.00,36.00,15.33
2022-01-21 02:20:00 UTC,8.40,16.90,17.96,1772.00,-60.80,87.00,37.00,16.90
2022-01-21 02:30:00 UTC,9.22,18.53,19.44,1782.00,-58.60,87.00,37.40,18.53
2022-01-21 02:40:00 UTC,9.69,18.96,19.80,1792.00,-58.60,87.00,38.00,18.96
2022-01-21 02:50:00 UTC,9.74,19.21,20.52,1802.00,-57.40,87.00,38.00,19.21
2022-01-21 03:00:00 UTC,9.81,19.33,20.07,1812.00,-57.80,87.00,38.00,19.33
2022-01-21 03:10:00 UTC,10.71,19.62,21.00,1822.00,-59.80,87.00,39.00,19.62
2022-01-21 03:20:00 UTC,10.14,19.71,21.02,1832.00,-60.80,87.00,39.00,19.71
2022-01-21 03:30:00 UTC,11.81,20.06,21.38,1842.00,-57.20,87.00,39.00,20.06
2022-01-21 03:40:00 UTC,12.06,21.33,22.20,1852.00,-60.00,87.00,40.00,21.33
2022-01-21 03:50:00 UTC,13.07,21.20,22.25,1862.00,-59.20,87.00,40.00,21.20
2022-01-21 04:00:00 UTC,13.04,21.29,22.31,1872.00,-58.00,87.00,40.00,21.29
2022-01-21 04:10:00 UTC,12.80,21.27,22.37,1882.00,-57.20,87.00,40.00,21.27
2022-01-21 04:20:00 UTC,13.06,21.91,23.24,1892.00,-59.40,87.00,40.40,21.91
2022-01-21 04:30:00 UTC,12.77,21.97,23.05,1902.00,-59.00,87.00,41.00,21.97
2022-01-21 04:40:00 UTC,14.88,22.91,24.10,1912.00,-60.60,87.00,41.00,22.91
2022-01-21 04:50:00 UTC,15.34,22.46,23.28,1922.00,-60.60,86.80,41.00,22.46
2022-01-21 05:00:00 UTC,14.12,22.15,23.06,1932.00,-60.80,87.00,41.00,22.15
2022-01-21 05:10:00 UTC,14.47,22.75,23.48,1942.00,-59.80,87.00,41.00,22.75
2022-01-21 05:20:00 UTC,14.17,22.73,23.87,1952.00,-61.60,87.00,41.20,22.73
2022-01-21 05:30:00 UTC,15.25,22.93,24.23,1962.00,-61.60,87.00,42.00,22.93
2022-01-21 05:40:00 UTC,15.52,22.92,24.14,1972.00,-61.00,86.60,42.00,22.92
2022-01-21 05:50:00 UTC,14.27,22.48,23.44,1982.00,-61.20,87.00,42.00,22.48
2022-01-21 06:00:00 UTC,14.80,22.63,23.60,1992.00,-60.20,87.00,42.00,22.63
2022-01-21 06:10:00 UTC,15.73,23.79,24.79,2002.00,-57.40,87.00,42.00,23.79
2022-01-21 06:20:00 UTC,16.65,24.29,25.19,2012.00,-57.20,87.00,42.00,24.29
2022-01-21 06:30:00 UTC,17.05,24.49,25.84,2022.00,-56.00,87.00,42.00,24.49
2022-01-21 06:40:00 UTC,17.83,24.26,25.53,2032.00,-55.00,87.00,42.00,24.26
2022-01-21 06:50:00 UTC,16.13,24.33,25.44,2042.00,-58.40,86.60,42.00,24.33
2022-01-21 07:00:00 UTC,17.48,23.75,25.43,2052.00,-59.60,86.20,42.00,23.75
2022-01-21 07:10:00 UTC,17.83,24.96,26.02,2062.00,-59.40,87.00,42.00,24.96
2022-01-21 07:20:00 UTC,17.18,25.03,26.10,2072.00,-58.80,86.40,42.00,25.03
2022-01-21 07:30:00 UTC,17.43,24.37,25.42,2082.00,-58.80,86.60,42.00,24.37
2022-01-21 07:40:00 UTC,17.14,24.54,25.75,2092.00,-57.80,86.20,42.00,24.54
2022-01-21 07:50:00 UTC,17.77,24.71,25.66,2102.00,-60.20,86.00,42.00,24.71
2022-01-21 08:00:00 UTC,17.66,24.81,25.90,2112.00,-61.00,86.00,42.00,24.81
2022-01-21 08:10:00 UTC,17.57,24.43,25.66,2122.00,-61.00,86.00,42.00,24.43
2022-01-21 08:20:00 UTC,16.05,23.15,24.31,2132.00,-61.00,86.00,42.00,23.15
2022-01-21 08:30:00 UTC,15.84,23.54,24.59,2142.00,-57.60,86.00,41.40,23.54
2022-01-21 08:40:00 UTC,16.43,23.41,24.61,2152.00,-58.80,86.00,41.00,23.41
2022-01-21 08:50:00 UTC,15.21,23.14,24.20,2162.00,-59.20,86.00,41.00,23.14
2022-01-21 09:00:00 UTC,15.01,23.14,24.35,2172.00,-54.60,86.00,41.00,23.14
2022-01-21 09:10:00 UTC,14.76,23.58,24.51,2182.00,-56.20,86.00,41.00,23.58
2022-01-21 09:20:00 UTC,15.93,23.86,24.54,2192.00,-55.00,86.00,41.00,23.86
2022-01-21 09:30:00 UTC,16.53,23.29,24.44,2202.00,-59.00,86.00,41.00,23.29
2022-01-21 09:40:00 UTC,14.43,22.75,23.67,2212.00,-59.40,86.00,41.00,22.75
2022-01-21 09:50:00 UTC,14.48,22.54,23.27,2222.00,-58.80,86.00,41.00,22.54
2022-01-21 10:00:00 UTC,14.25,22.85,24.29,2232.00,-57.80,86.00,41.00,22.85
2022-01-21 10:10:00 UTC,15.05,22.48,23.58,2242.00,-59.40,86.00,41.00,22.48
2022-01-21 10:20:00 UTC,17.10,23.56,24.70,2252.00,-59.00,86.00,41.00,23.56
2022-01-21 10:30:00 UTC,17.45,23.54,24.51,2262.00,-59.60,86.00,41.00,23.54
2022-01-21 10:40:00 UTC,16.84,23.84,25.03,2272.00,-59.80,86.00,41.00,23.84
2022-01-21 10:50:00 UTC,16.98,23.72,25.40,2282.00,-57.80,86.00,41.00,23.72
2022-01-21 11:00:00 UTC,17.82,25.02,26.41,2292.00,-60.00,86.00,41.00,25.02
2022-01-21 11:10:00 UTC,18.00,25.17,26.75,2302.00,-58.60,86.00,41.00,25.17
2022-01-21 11:20:00 UTC,18.33,25.57,27.10,2312.00,-59.00,86.00,41.00,25.57
2022-01-21 11:30:00 UTC,19.05,26.31,27.80,2322.00,-56.00,86.00,41.00,26.30
2022-01-21 11:40:00 UTC,20.05,27.22,28.90,2332.00,-60.60,86.00,41.00,27.20
2022-01-21 11:50:00 UTC,19.61,26.83,28.65,2342.00,-59.40,86.00,41.00,26.81
2022-01-21 12:00:00 UTC,19.31,26.81,27.69,2352.00,-62.00,86.00,41.00,26.81
2022-01-21 12:10:00 UTC,21.12,29.44,30.85,2362.00,-60.80,86.00,41.00,29.09
2022-01-21 12:20:00 UTC,22.04,31.40,32.73,2372.00,-58.80,85.80,41.00,30.31
2022-01-21 12:30:00 UTC,23.40,32.87,34.41,2382.00,-58.60,86.00,41.00,31.43
2022-01-21 12:40:00 UTC,23.33,32.40,33.78,2392.00,-58.40,86.00,41.00,31.15
2022-01-21 12:50:00 UTC,23.16,32.83,34.13,2402.00,-58.80,86.00,41.00,31.42
2022-01-21 13:00:00 UTC,25.34,36.12,37.81,2412.00,-61.40,85.60,41.00,33.30
2022-01-21 13:10:00 UTC,26.13,37.26,39.39,2422.00,-61.00,85.00,41.00,34.12
2022-01-21 13:20:00 UTC,25.58,37.25,38.85,2432.00,-62.40,85.00,42.20,33.96
2022-01-21 13:30:00 UTC,28.17,41.49,43.88,2441.00,-69.25,85.00,41.50,36.40
2022-01-21 13:40:00 UTC,31.53,46.26,49.40,2451.00,-66.17,85.67,41.00,39.09
2022-01-21 13:50:00 UTC,43.79,63.24,66.55,2461.00,-66.25,85.00,41.00,47.01
2022-01-21 14:00:00 UTC,33.30,49.22,52.18,2470.00,-70.20,85.00,41.20,40.72
2022-01-21 14:10:00 UTC,49.32,82.30,90.98,2480.00,-62.80,85.20,41.00,59.40
2022-01-21 14:20:00 UTC,29.36,45.31,49.29,2490.00,-63.20,86.00,40.20,38.35
2022-01-21 14:30:00 UTC,24.36,36.19,38.05,2500.00,-63.40,86.00,40.00,33.14
2022-01-21 14:40:00 UTC,23.17,32.86,34.77,2510.00,-64.00,86.00,40.00,31.21
2022-01-21 14:50:00 UTC,21.56,31.27,32.90,2520.00,-62.40,86.00,40.00,30.27
2022-01-21 15:00:00 UTC,20.86,29.51,30.71,2530.00,-63.20,86.00,40.00,28.97
2022-01-21 15:10:00 UTC,21.00,29.64,30.96,2540.00,-63.20,86.00,40.00,29.26
2022-01-21 15:20:00 UTC,20.73,28.34,30.24,2550.00,-63.60,86.00,40.00,28.14
2022-01-21 15:30:00 UTC,19.33,27.16,28.74,2560.00,-63.80,86.80,40.00,27.12
2022-01-21 15:40:00 UTC,19.35,26.53,27.93,2570.00,-62.20,87.00,39.40,26.53
2022-01-21 15:50:00 UTC,17.96,25.35,26.67,2580.00,-62.00,86.80,37.60,25.35
2022-01-21 16:00:00 UTC,17.39,25.28,26.42,2590.00,-62.40,86.80,36.80,25.28
2022-01-21 16:10:00 UTC,17.66,25.11,26.16,2600.00,-65.20,87.00,36.40,25.11
2022-01-21 16:20:00 UTC,17.38,24.39,25.70,2610.00,-64.40,87.00,36.00,24.39
2022-01-21 16:30:00 UTC,18.91,26.37,27.91,2620.00,-62.80,87.00,36.00,26.37
2022-01-21 16:40:00 UTC,18.15,25.88,27.43,2630.00,-62.60,87.00,36.00,25.88
2022-01-21 16:50:00 UTC,18.40,26.35,27.57,2640.00,-64.60,87.00,36.00,26.33
2022-01-21 17:00:00 UTC,18.00,25.30,26.58,2650.00,-67.60,87.60,34.80,25.27
2022-01-21 17:10:00 UTC,17.93,25.56,26.33,2660.00,-64.80,88.00,34.40,25.47
2022-01-21 17:20:00 UTC,16.57,23.97,25.00,2670.00,-64.80,88.40,33.40,23.76
2022-01-21 17:30:00 UTC,18.91,26.99,27.98,2680.00,-61.40,89.00,33.00,26.10
2022-01-21 17:40:00 UTC,17.99,26.74,28.16,2690.00,-62.20,89.00,33.00,25.96
2022-01-21 17:50:00 UTC,10.34,19.89,21.29,2700.00,-65.40,89.80,32.40,19.89
2022-01-21 18:00:00 UTC,12.83,21.28,22.11,2710.00,-64.20,90.00,32.00,21.15
2022-01-21 18:10:00 UTC,10.22,20.00,21.00,2720.00,-68.80,90.00,32.00,20.00
2022-01-21 18:20:00 UTC,10.78,20.00,21.09,2730.00,-70.20,90.80,31.80,20.00
2022-01-21 18:30:00 UTC,8.36,17.79,18.66,2740.00,-68.20,91.00,31.20,17.79
2022-01-21 18:40:00 UTC,8.14,17.35,17.95,2750.00,-66.60,91.00,31.60,17.35
2022-01-21 18:50:00 UTC,7.59,16.92,17.94,2759.00,-65.25,91.25,34.50,16.92,
2022-01-25 18:50:00 UTC,1.78,2.86,3.01,2.00,-43.50,83.00,54.00,2.86
2022-01-25 19:00:00 UTC,19.29,29.13,30.31,5.00,-46.00,82.00,54.00,28.67,
2022-02-15 14:00:00 UTC,17.50,27.11,28.83,3.00,-63.00,78.00,54.00,27.11
2022-02-15 14:10:00 UTC,,,,,,,,
2022-02-15 14:20:00 UTC,,,,,,,,
2022-02-15 14:30:00 UTC,,,,,,,,
2022-02-15 14:40:00 UTC,16.56,24.13,26.30,8.00,-50.50,79.00,52.00,24.13
2022-02-15 14:50:00 UTC,16.39,25.58,27.34,13.00,-50.00,79.00,51.00,25.58