created_at,PM1.0_CF1_ug/m3,PM2.5_CF1_ug/m3,PM10.0_CF1_ug/m3,UptimeMinutes,ADC,Pressure_hpa,IAQ,PM2.5_ATM_ug/m3,
2021-09-13 22:40:00 UTC,0.33,2.56,2.85,16906.67,0.01,864.33,,2.56
2021-09-13 22:50:00 UTC,0.00,2.35,2.82,17494.00,0.02,864.32,,2.35
2021-09-13 23:00:00 UTC,0.02,0.70,0.94,18363.20,0.02,864.41,,0.70
2021-09-13 23:10:00 UTC,268.62,868.65,1184.65,18680.00,0.02,864.51,,578.45
2021-09-13 23:20:00 UTC,319.19,876.46,1119.24,18505.60,0.02,864.56,,584.01
2021-09-13 23:30:00 UTC,284.39,685.15,833.93,18480.00,0.02,864.53,,456.50
2021-09-13 23:40:00 UTC,247.24,554.04,666.67,18457.60,0.02,864.53,,368.48
2021-09-13 23:50:00 UTC,218.35,467.95,551.82,18480.00,0.02,864.50,,311.46,
2021-09-14 00:00:00 UTC,188.42,387.99,450.54,18513.60,0.02,864.47,,258.29
2021-09-14 00:10:00 UTC,159.40,321.83,371.00,18174.40,0.02,864.46,,214.13
2021-09-14 00:20:00 UTC,135.61,264.94,302.97,18083.20,0.02,864.41,,175.98
2021-09-14 00:30:00 UTC,113.91,219.79,249.31,18072.00,0.02,864.45,,145.84
2021-09-14 00:40:00 UTC,94.62,179.57,202.49,18072.00,0.02,864.45,,119.02
2021-09-14 00:50:00 UTC,78.91,148.10,166.52,18072.00,0.02,864.42,,98.08
2021-09-14 01:00:00 UTC,66.86,123.13,137.08,18105.60,0.02,864.36,,81.40
2021-09-14 01:10:00 UTC,54.94,100.82,111.30,18049.60,0.02,864.32,,66.55
2021-09-14 01:20:00 UTC,44.54,82.70,91.74,18072.00,0.02,864.32,,54.75
2021-09-14 01:30:00 UTC,35.67,64.48,71.22,18105.60,0.02,864.30,,47.02
2021-09-14 01:40:00 UTC,29.17,51.71,57.37,18072.00,0.02,864.28,,41.52
2021-09-14 01:50:00 UTC,24.89,44.54,48.29,18072.00,0.02,864.33,,38.09
2021-09-14 02:00:00 UTC,20.79,36.56,40.79,18105.60,0.02,864.38,,33.72
2021-09-14 02:10:00 UTC,16.98,30.37,33.27,18072.00,0.02,864.33,,29.86
2021-09-14 02:20:00 UTC,10.37,24.45,27.20,18072.00,0.02,864.39,,24.45
2021-09-14 02:30:00 UTC,7.68,20.17,22.29,18105.60,0.02,864.47,,20.17
2021-09-14 02:40:00 UTC,5.40,15.14,17.61,18072.00,0.02,864.53,,15.14
2021-09-14 02:50:00 UTC,3.90,9.34,10.94,18072.00,0.02,864.59,,9.34
2021-09-14 03:00:00 UTC,2.30,6.63,7.21,18072.00,0.02,864.63,,6.63
2021-09-14 03:10:00 UTC,1.22,4.68,5.21,18105.60,0.02,864.66,,4.68
2021-09-14 03:20:00 UTC,0.16,2.93,3.28,18105.60,0.02,864.70,,2.93
2021-09-14 03:30:00 UTC,0.00,1.23,1.65,18072.00,0.02,864.65,,1.23
2021-09-14 03:40:00 UTC,0.00,0.23,0.47,18072.00,0.02,864.70,,0.23
2021-09-14 03:50:00 UTC,0.00,0.04,0.11,18072.00,0.02,864.73,,0.04
2021-09-14 04:00:00 UTC,0.00,0.00,0.00,18105.60,0.02,864.74,,0.00
2021-09-14 04:10:00 UTC,0.00,0.00,0.00,18072.00,0.02,864.67,,0.00
2021-09-14 04:20:00 UTC,0.00,0.00,0.00,18072.00,0.02,864.67,,0.00
2021-09-14 04:30:00 UTC,0.00,0.00,0.00,18072.00,0.02,864.75,,0.00
2021-09-14 04:40:00 UTC,0.00,0.00,0.00,18105.60,0.02,864.77,,0.00
2021-09-14 04:50:00 UTC,0.00,0.00,0.00,18072.00,0.02,864.79,,0.00
2021-09-14 05:00:00 UTC,0.00,0.00,0.00,18038.40,0.02,864.84,,0.00
2021-09-14 05:10:00 UTC,0.00,0.00,0.00,18105.60,0.02,864.86,,0.00
2021-09-14 05:20:00 UTC,0.00,0.00,0.00,18072.00,0.02,864.86,,0.00
2021-09-14 05:30:00 UTC,0.00,0.00,0.00,18072.00,0.02,864.96,,0.00
2021-09-14 05:40:00 UTC,0.00,0.00,0.00,18105.60,0.02,865.06,,0.00
2021-09-14 05:50:00 UTC,0.00,0.00,0.00,18072.00,0.02,865.14,,0.00
2021-09-14 06:00:00 UTC,0.00,0.00,0.03,18016.00,0.02,865.24,,0.00
2021-09-14 06:10:00 UTC,0.00,0.00,0.00,18105.60,0.02,865.30,,0.00
2021-09-14 06:20:00 UTC,0.00,0.00,0.00,18105.60,0.02,865.32,,0.00
2021-09-14 06:30:00 UTC,0.00,0.00,0.00,18072.00,0.02,865.37,,0.00
2021-09-14 06:40:00 UTC,0.00,0.00,0.00,18072.00,0.02,865.46,,0.00
2021-09-14 06:50:00 UTC,0.00,0.00,0.00,18072.00,0.02,865.41,,0.00
2021-09-14 07:00:00 UTC,0.00,0.00,0.00,18049.60,0.02,865.52,,0.00
2021-09-14 07:10:00 UTC,0.00,0.00,0.00,18072.00,0.02,865.54,,0.00
2021-09-14 07:20:00 UTC,0.00,0.00,0.00,18072.00,0.02,865.53,,0.00
2021-09-14 07:30:00 UTC,0.00,0.00,0.00,18072.00,0.02,865.67,,0.00
2021-09-14 07:40:00 UTC,0.00,0.02,0.02,18072.00,0.02,865.71,,0.02
2021-09-14 07:50:00 UTC,0.00,0.00,0.00,18072.00,0.02,865.78,,0.00
2021-09-14 08:00:00 UTC,0.00,0.00,0.00,18038.40,0.02,865.88,,0.00
2021-09-14 08:10:00 UTC,0.00,0.00,0.00,18072.00,0.02,866.00,,0.00
2021-09-14 08:20:00 UTC,0.00,0.00,0.00,18105.60,0.02,865.98,,0.00
2021-09-14 08:30:00 UTC,0.00,0.00,0.00,18105.60,0.02,866.01,,0.00
2021-09-14 08:40:00 UTC,0.00,0.00,0.00,18072.00,0.02,865.96,,0.00
2021-09-14 08:50:00 UTC,0.00,0.00,0.00,18072.00,0.02,865.94,,0.00
2021-09-14 09:00:00 UTC,0.00,0.00,0.00,18105.60,0.02,866.02,,0.00
2021-09-14 09:10:00 UTC,0.00,0.00,0.00,18072.00,0.02,866.07,,0.00
2021-09-14 09:20:00 UTC,0.00,0.00,0.00,18072.00,0.02,866.08,,0.00
2021-09-14 09:30:00 UTC,0.00,0.00,0.02,18072.00,0.02,866.04,,0.00
2021-09-14 09:40:00 UTC,0.00,0.00,0.04,18105.60,0.02,866.09,,0.00
2021-09-14 09:50:00 UTC,0.00,0.00,0.00,18072.00,0.02,866.16,,0.00
2021-09-14 10:00:00 UTC,0.00,0.00,0.00,18072.00,0.02,866.24,,0.00
2021-09-14 10:10:00 UTC,0.00,0.00,0.00,18072.00,0.02,866.28,,0.00
2021-09-14 10:20:00 UTC,0.00,0.00,0.00,18105.60,0.02,866.26,,0.00
2021-09-14 10:30:00 UTC,0.00,0.00,0.00,18105.60,0.02,866.38,,0.00
2021-09-14 10:40:00 UTC,0.00,0.00,0.00,18072.00,0.02,866.39,,0.00
2021-09-14 10:50:00 UTC,0.00,0.00,0.00,18072.00,0.02,866.49,,0.00
2021-09-14 11:00:00 UTC,0.00,0.00,0.01,18105.60,0.02,866.54,,0.00
2021-09-14 11:10:00 UTC,0.00,0.00,0.00,18172.80,0.02,866.64,,0.00
2021-09-14 11:20:00 UTC,0.00,0.00,0.00,18072.00,0.02,866.65,,0.00
2021-09-14 11:30:00 UTC,0.00,0.00,0.00,18072.00,0.02,866.66,,0.00
2021-09-14 11:40:00 UTC,0.00,0.00,0.00,18072.00,0.02,866.66,,0.00
2021-09-14 11:50:00 UTC,0.00,0.00,0.00,18072.00,0.02,866.69,,0.00
2021-09-14 12:00:00 UTC,0.00,0.00,0.00,18072.00,0.02,866.74,,0.00
2021-09-14 12:10:00 UTC,0.00,0.00,0.00,18072.00,0.02,866.74,,0.00
2021-09-14 12:20:00 UTC,0.00,0.00,0.00,18072.00,0.02,866.79,,0.00
2021-09-14 12:30:00 UTC,0.00,0.00,0.00,18072.00,0.02,866.90,,0.00
2021-09-14 12:40:00 UTC,0.00,0.00,0.01,18072.00,0.02,866.99,,0.00
2021-09-14 12:50:00 UTC,0.00,0.00,0.00,18072.00,0.02,867.05,,0.00
2021-09-14 13:00:00 UTC,0.00,0.00,0.00,18072.00,0.02,867.12,,0.00
2021-09-14 13:10:00 UTC,0.00,0.00,0.00,18072.00,0.02,867.17,,0.00
2021-09-14 13:20:00 UTC,0.00,0.00,0.00,18072.00,0.02,867.28,,0.00
2021-09-14 13:30:00 UTC,0.00,0.00,0.00,18072.00,0.02,867.39,,0.00
2021-09-14 13:40:00 UTC,0.00,0.00,0.01,18072.00,0.02,867.47,,0.00
2021-09-14 13:50:00 UTC,0.00,0.00,0.02,18072.00,0.02,867.61,,0.00
2021-09-14 14:00:00 UTC,0.00,0.00,0.03,18072.00,0.02,867.74,,0.00
2021-09-14 14:10:00 UTC,0.00,0.00,0.00,18072.00,0.02,867.80,,0.00
2021-09-14 14:20:00 UTC,0.00,0.00,0.11,18072.00,0.02,867.81,,0.00
2021-09-14 14:30:00 UTC,0.00,0.12,0.14,18072.00,0.02,867.78,,0.12
2021-09-14 14:40:00 UTC,0.00,0.00,0.06,18072.00,0.02,867.81,,0.00
2021-09-14 14:50:00 UTC,0.00,0.03,0.04,18072.00,0.02,867.81,,0.03
2021-09-14 15:00:00 UTC,0.00,0.00,0.00,18038.40,0.02,867.91,,0.00
2021-09-14 15:10:00 UTC,0.00,0.00,0.00,18072.00,0.02,867.97,,0.00
2021-09-14 15:20:00 UTC,0.00,0.00,0.00,18105.60,0.02,867.96,,0.00
2021-09-14 15:30:00 UTC,0.00,0.02,0.06,18072.00,0.02,868.16,,0.02
2021-09-14 15:40:00 UTC,0.00,0.00,0.03,18139.20,0.02,868.25,,0.00
2021-09-14 15:50:00 UTC,0.00,0.00,0.00,18105.60,0.02,868.20,,0.00
2021-09-14 16:00:00 UTC,0.00,0.03,0.07,18038.40,0.02,868.27,,0.03
2021-09-14 16:10:00 UTC,0.00,0.00,0.00,18105.60,0.02,868.24,,0.00
2021-09-14 16:20:00 UTC,0.00,0.03,0.09,18105.60,0.02,868.23,,0.03
2021-09-14 16:30:00 UTC,0.00,0.00,0.03,18139.20,0.02,868.31,,0.00
2021-09-14 16:40:00 UTC,0.00,0.00,0.08,18072.00,0.02,868.35,,0.00
2021-09-14 16:50:00 UTC,0.00,0.02,0.08,18072.00,0.02,868.34,,0.02
2021-09-14 17:00:00 UTC,0.00,0.04,0.04,18072.00,0.02,868.38,,0.04
2021-09-14 17:10:00 UTC,0.00,0.00,0.01,18105.60,0.02,868.39,,0.00
2021-09-14 17:20:00 UTC,0.00,0.00,0.01,18105.60,0.02,868.36,,0.00
2021-09-14 17:30:00 UTC,0.00,0.00,0.02,18072.00,0.02,868.35,,0.00
2021-09-14 17:40:00 UTC,0.00,0.00,0.00,18038.40,0.02,868.23,,0.00
2021-09-14 17:50:00 UTC,0.00,0.00,0.00,18105.60,0.02,868.28,,0.00
2021-09-14 18:00:00 UTC,0.00,0.00,0.00,18072.00,0.02,868.21,,0.00
2021-09-14 18:10:00 UTC,0.00,0.00,0.00,18105.60,0.02,868.18,,0.00
2021-09-14 18:20:00 UTC,0.00,0.00,0.04,18072.00,0.02,868.15,,0.00
2021-09-14 18:30:00 UTC,0.00,0.00,0.00,18139.20,0.02,868.07,,0.00
2021-09-14 18:40:00 UTC,0.00,0.00,0.01,18105.60,0.02,868.06,,0.00
2021-09-14 18:50:00 UTC,0.00,0.00,0.00,18105.60,0.02,867.98,,0.00
2021-09-14 19:00:00 UTC,0.00,0.00,0.00,18038.40,0.02,867.84,,0.00
2021-09-14 19:10:00 UTC,0.00,0.00,0.00,18139.20,0.02,867.81,,0.00
2021-09-14 19:20:00 UTC,0.00,0.00,0.00,18072.00,0.02,867.74,,0.00
2021-09-14 19:30:00 UTC,0.00,0.00,0.00,18105.60,0.02,867.58,,0.00
2021-09-14 19:40:00 UTC,0.00,0.01,0.01,18172.80,0.02,867.46,,0.01
2021-09-14 19:50:00 UTC,0.00,0.02,0.02,18105.60,0.02,867.35,,0.02
2021-09-14 20:00:00 UTC,0.00,0.00,0.00,18072.00,0.02,867.31,,0.00
2021-09-14 20:10:00 UTC,0.00,0.00,0.01,17824.00,0.02,867.27,,0.00
2021-09-14 20:20:00 UTC,0.00,0.00,0.00,18105.60,0.02,867.19,,0.00
2021-09-14 20:30:00 UTC,0.00,0.00,0.00,18072.00,0.02,867.06,,0.00
2021-09-14 20:40:00 UTC,0.00,0.14,0.39,18105.60,0.02,866.94,,0.14
2021-09-14 20:50:00 UTC,0.00,0.29,0.72,18072.00,0.02,866.73,,0.29
2021-09-14 21:00:00 UTC,0.00,0.12,0.45,18038.40,0.02,866.62,,0.12
2021-09-14 21:10:00 UTC,0.00,1.21,1.57,18072.00,0.02,866.58,,1.21
2021-09-14 21:20:00 UTC,0.00,0.83,1.34,18072.00,0.02,866.44,,0.83
2021-09-14 21:30:00 UTC,0.00,0.37,0.64,18072.00,0.02,866.42,,0.37
2021-09-14 21:40:00 UTC,0.00,0.30,0.60,18072.00,0.02,866.35,,0.30
2021-09-14 21:50:00 UTC,0.00,0.27,0.55,18105.60,0.02,866.30,,0.27
2021-09-14 22:00:00 UTC,0.00,0.00,0.03,18072.00,0.02,866.30,,0.00
2021-09-14 22:10:00 UTC,0.00,0.00,0.16,18072.00,0.02,866.24,,0.00
2021-09-14 22:20:00 UTC,0.00,0.00,0.04,18072.00,0.02,866.24,,0.00
2021-09-14 22:30:00 UTC,0.00,0.00,0.06,18072.00,0.02,866.25,,0.00
2021-09-14 22:40:00 UTC,0.00,0.17,0.43,18105.60,0.02,866.22,,0.17
2021-09-14 22:50:00 UTC,0.00,0.63,0.91,18105.60,0.02,866.15,,0.63
2021-09-14 23:00:00 UTC,0.00,0.53,0.94,18038.40,0.02,866.11,,0.53
2021-09-14 23:10:00 UTC,0.00,1.03,1.36,18116.80,0.02,866.09,,1.03
2021-09-14 23:20:00 UTC,0.03,1.44,1.97,18105.60,0.02,865.98,,1.44
2021-09-14 23:30:00 UTC,0.00,1.18,1.64,18072.00,0.02,865.99,,1.18
2021-09-14 23:40:00 UTC,0.00,0.74,1.02,18072.00,0.02,865.95,,0.74
2021-09-14 23:50:00 UTC,0.00,0.12,0.27,18072.00,0.02,865.91,,0.12,
2021-09-15 00:00:00 UTC,0.00,0.00,0.06,17905.60,0.02,865.86,,0.00
2021-09-15 00:10:00 UTC,0.00,0.00,0.01,18072.00,0.02,865.83,,0.00
2021-09-15 00:20:00 UTC,0.00,0.02,0.03,18072.00,0.02,865.81,,0.02
2021-09-15 00:30:00 UTC,0.00,0.00,0.00,18105.60,0.02,865.80,,0.00
2021-09-15 00:40:00 UTC,0.00,0.00,0.02,18072.00,0.02,865.77,,0.00
2021-09-15 00:50:00 UTC,0.00,0.00,0.00,18105.60,0.02,865.76,,0.00
2021-09-15 01:00:00 UTC,0.00,0.00,0.00,18038.40,0.02,865.73,,0.00
2021-09-15 01:10:00 UTC,0.00,0.00,0.00,18072.00,0.02,865.73,,0.00
2021-09-15 01:20:00 UTC,0.00,0.00,0.00,18072.00,0.02,865.73,,0.00
2021-09-15 01:30:00 UTC,0.00,0.00,0.00,18072.00,0.02,865.78,,0.00
2021-09-15 01:40:00 UTC,0.00,0.02,0.05,18105.60,0.02,865.76,,0.02
2021-09-15 01:50:00 UTC,0.00,0.09,0.14,18072.00,0.02,865.69,,0.09
2021-09-15 02:00:00 UTC,0.00,0.05,0.14,18038.40,0.02,865.75,,0.05
2021-09-15 02:10:00 UTC,0.00,0.04,0.07,18072.00,0.02,865.79,,0.04
2021-09-15 02:20:00 UTC,0.00,0.04,0.13,18072.00,0.02,865.85,,0.04
2021-09-15 02:30:00 UTC,0.00,0.04,0.15,18072.00,0.02,865.93,,0.04
2021-09-15 02:40:00 UTC,0.00,0.21,0.54,18072.00,0.02,865.98,,0.21
2021-09-15 02:50:00 UTC,0.00,0.20,0.38,18072.00,0.02,866.08,,0.20
2021-09-15 03:00:00 UTC,0.00,0.57,0.97,18038.40,0.02,866.17,,0.57
2021-09-15 03:10:00 UTC,0.00,0.50,0.85,18072.00,0.02,866.19,,0.50
2021-09-15 03:20:00 UTC,0.00,0.63,0.87,18072.00,0.02,866.18,,0.63
2021-09-15 03:30:00 UTC,0.00,0.96,1.31,18105.60,0.02,866.27,,0.96
2021-09-15 03:40:00 UTC,0.00,0.75,1.37,18072.00,0.02,866.30,,0.75
2021-09-15 03:50:00 UTC,0.00,0.65,0.84,18072.00,0.02,866.36,,0.65
2021-09-15 04:00:00 UTC,0.00,0.61,1.01,18072.00,0.02,866.33,,0.61
2021-09-15 04:10:00 UTC,0.00,0.71,0.87,18105.60,0.02,866.31,,0.71
2021-09-15 04:20:00 UTC,0.00,0.48,0.70,18072.00,0.02,866.36,,0.48
2021-09-15 04:30:00 UTC,0.00,0.40,0.85,18072.00,0.02,866.40,,0.40
2021-09-15 04:40:00 UTC,0.00,0.36,0.79,18072.00,0.02,866.35,,0.36
2021-09-15 04:50:00 UTC,0.02,1.00,1.33,18105.60,0.02,866.32,,1.00
2021-09-15 05:00:00 UTC,0.00,0.41,0.59,18072.00,0.02,866.22,,0.41
2021-09-15 05:10:00 UTC,0.00,0.68,0.91,18072.00,0.02,866.23,,0.68
2021-09-15 05:20:00 UTC,0.00,0.64,0.92,18072.00,0.02,866.20,,0.64
2021-09-15 05:30:00 UTC,0.00,0.56,0.74,18105.60,0.02,866.10,,0.56
2021-09-15 05:40:00 UTC,0.00,0.40,0.57,18105.60,0.02,866.07,,0.40
2021-09-15 05:50:00 UTC,0.00,0.10,0.35,18072.00,0.02,866.05,,0.10
2021-09-15 06:00:00 UTC,0.00,0.59,0.72,18038.40,0.02,866.05,,0.59
2021-09-15 06:10:00 UTC,0.00,0.25,0.36,18072.00,0.02,866.08,,0.25
2021-09-15 06:20:00 UTC,0.00,0.31,0.68,18072.00,0.02,866.02,,0.31
2021-09-15 06:30:00 UTC,0.00,0.20,0.39,18072.00,0.02,865.93,,0.20
2021-09-15 06:40:00 UTC,0.00,0.44,0.74,18072.00,0.02,865.89,,0.44
2021-09-15 06:50:00 UTC,0.00,0.51,0.64,18105.60,0.02,865.94,,0.51
2021-09-15 07:00:00 UTC,0.00,0.51,0.55,18072.00,0.02,865.98,,0.51
2021-09-15 07:10:00 UTC,0.00,0.76,1.10,18105.60,0.02,866.00,,0.76
2021-09-15 07:20:00 UTC,0.00,0.64,1.28,18072.00,0.02,866.05,,0.64
2021-09-15 07:30:00 UTC,0.00,1.76,2.09,18105.60,0.02,866.02,,1.76
2021-09-15 07:40:00 UTC,0.00,1.26,1.60,18072.00,0.02,866.00,,1.26
2021-09-15 07:50:00 UTC,0.00,0.99,1.39,18072.00,0.02,866.00,,0.99
2021-09-15 08:00:00 UTC,0.00,0.59,0.93,18072.00,0.02,865.98,,0.59
2021-09-15 08:10:00 UTC,0.00,0.73,1.14,18072.00,0.02,865.97,,0.73
2021-09-15 08:20:00 UTC,0.00,1.22,1.59,18072.00,0.02,865.91,,1.22
2021-09-15 08:30:00 UTC,0.00,0.80,1.13,18072.00,0.02,865.93,,0.80
2021-09-15 08:40:00 UTC,0.00,0.84,1.12,18072.00,0.02,865.93,,0.84
2021-09-15 08:50:00 UTC,0.00,0.58,0.76,18105.60,0.02,865.95,,0.58
2021-09-15 09:00:00 UTC,0.00,0.50,0.86,18072.00,0.02,865.93,,0.50
2021-09-15 09:10:00 UTC,0.00,0.72,0.97,18072.00,0.02,865.93,,0.72
2021-09-15 09:20:00 UTC,0.00,0.86,1.28,18072.00,0.02,865.92,,0.86
2021-09-15 09:30:00 UTC,0.00,0.78,1.18,18072.00,0.02,865.91,,0.78
2021-09-15 09:40:00 UTC,0.00,0.22,0.72,18072.00,0.02,865.97,,0.22
2021-09-15 09:50:00 UTC,0.00,0.46,0.86,18072.00,0.02,865.95,,0.46
2021-09-15 10:00:00 UTC,0.00,0.55,0.77,18038.40,0.02,865.92,,0.55
2021-09-15 10:10:00 UTC,0.00,0.51,0.91,18072.00,0.02,865.89,,0.51
2021-09-15 10:20:00 UTC,0.00,0.80,0.93,18072.00,0.02,865.91,,0.80
2021-09-15 10:30:00 UTC,0.00,0.40,0.68,18072.00,0.02,865.91,,0.40
2021-09-15 10:40:00 UTC,0.00,0.33,0.54,18072.00,0.02,865.96,,0.33
2021-09-15 10:50:00 UTC,0.00,0.14,0.45,18072.00,0.02,866.00,,0.14
2021-09-15 11:00:00 UTC,0.00,0.19,0.41,18072.00,0.02,865.98,,0.19
2021-09-15 11:10:00 UTC,0.00,0.13,0.43,18072.00,0.02,865.96,,0.13
2021-09-15 11:20:00 UTC,0.00,0.70,0.98,18072.00,0.02,865.93,,0.70
2021-09-15 11:30:00 UTC,0.00,1.03,1.31,18105.60,0.02,865.97,,1.03
2021-09-15 11:40:00 UTC,0.00,0.92,1.32,18072.00,0.02,865.96,,0.92
2021-09-15 11:50:00 UTC,0.00,0.94,1.43,18072.00,0.02,865.94,,0.94
2021-09-15 12:00:00 UTC,0.00,0.79,1.05,18004.80,0.02,865.91,,0.79
2021-09-15 12:10:00 UTC,0.00,0.73,1.29,18072.00,0.02,865.94,,0.73
2021-09-15 12:20:00 UTC,0.00,1.27,1.81,18072.00,0.02,865.89,,1.27
2021-09-15 12:30:00 UTC,0.00,0.72,1.00,18072.00,0.02,865.84,,0.72
2021-09-15 12:40:00 UTC,0.00,0.46,0.79,18139.20,0.02,865.82,,0.46
2021-09-15 12:50:00 UTC,0.00,0.54,0.91,18072.00,0.02,865.88,,0.54
2021-09-15 13:00:00 UTC,0.00,0.59,0.82,18004.80,0.02,865.98,,0.59
2021-09-15 13:10:00 UTC,0.00,0.23,0.43,18049.60,0.02,866.03,,0.23
2021-09-15 13:20:00 UTC,0.00,0.17,0.42,18072.00,0.02,866.11,,0.17
2021-09-15 13:30:00 UTC,0.00,0.28,0.54,18072.00,0.02,866.16,,0.28
2021-09-15 13:40:00 UTC,0.00,0.27,0.57,18049.60,0.02,866.18,,0.27
2021-09-15 13:50:00 UTC,0.00,0.11,0.38,18072.00,0.02,866.18,,0.11
2021-09-15 14:00:00 UTC,0.00,0.35,0.55,18004.80,0.02,866.17,,0.35
2021-09-15 14:10:00 UTC,0.00,0.36,0.60,18072.00,0.02,866.13,,0.36
2021-09-15 14:20:00 UTC,0.00,0.15,0.57,18072.00,0.02,866.12,,0.15
2021-09-15 14:30:00 UTC,0.00,0.36,0.69,18072.00,0.02,866.08,,0.36
2021-09-15 14:40:00 UTC,0.00,0.80,1.17,18105.60,0.02,866.03,,0.80
2021-09-15 14:50:00 UTC,0.00,1.00,1.34,18172.80,0.02,865.96,,1.00
2021-09-15 15:00:00 UTC,0.00,0.96,1.13,17838.40,0.02,865.94,,0.96
2021-09-15 15:10:00 UTC,0.00,0.47,0.73,18240.00,0.02,865.90,,0.47
2021-09-15 15:20:00 UTC,,,,,,,,
2021-09-15 15:30:00 UTC,,,,,,,,
2021-09-15 15:40:00 UTC,,,,,,,,
2021-09-15 15:50:00 UTC,,,,,,,,
2021-09-15 16:00:00 UTC,,,,,,,,
2021-09-15 16:10:00 UTC,,,,,,,,
2021-09-15 16:20:00 UTC,,,,,,,,
2021-09-15 16:30:00 UTC,,,,,,,,
2021-09-15 16:40:00 UTC,,,,,,,,
2021-09-15 16:50:00 UTC,,,,,,,,
2021-09-15 17:00:00 UTC,,,,,,,,
2021-09-15 17:10:00 UTC,,,,,,,,
2021-09-15 17:20:00 UTC,,,,,,,,
2021-09-15 17:30:00 UTC,,,,,,,,
2021-09-15 17:40:00 UTC,,,,,,,,
2021-09-15 17:50:00 UTC,,,,,,,,
2021-09-15 18:00:00 UTC,,,,,,,,
2021-09-15 18:10:00 UTC,,,,,,,,
2021-09-15 18:20:00 UTC,,,,,,,,
2021-09-15 18:30:00 UTC,,,,,,,,
2021-09-15 18:40:00 UTC,,,,,,,,
2021-09-15 18:50:00 UTC,,,,,,,,
2021-09-15 19:00:00 UTC,,,,,,,,
2021-09-15 19:10:00 UTC,,,,,,,,
2021-09-15 19:20:00 UTC,,,,,,,,
2021-09-15 19:30:00 UTC,,,,,,,,
2021-09-15 19:40:00 UTC,,,,,,,,
2021-09-15 19:50:00 UTC,,,,,,,,
2021-09-15 20:00:00 UTC,,,,,,,,
2021-09-15 20:10:00 UTC,,,,,,,,
2021-09-15 20:20:00 UTC,2.58,6.34,7.01,18686.40,0.02,863.24,,6.34
2021-09-15 20:30:00 UTC,1.64,5.02,5.57,18694.40,0.02,863.08,,5.02
2021-09-15 20:40:00 UTC,2.46,6.21,6.85,18926.00,0.02,862.96,,6.21
2021-09-15 20:50:00 UTC,87.54,217.63,280.00,18833.60,0.02,862.76,,145.51
2021-09-15 21:00:00 UTC,150.70,330.05,401.76,18736.00,0.02,862.62,,219.50
2021-09-15 21:10:00 UTC,110.50,226.08,265.07,18803.20,0.02,862.55,,150.12
2021-09-15 21:20:00 UTC,79.41,154.07,177.41,18635.20,0.02,862.39,,102.05
2021-09-15 21:30:00 UTC,59.26,110.95,126.35,18568.00,0.02,862.24,,73.28
2021-09-15 21:40:00 UTC,46.71,85.71,96.41,18568.00,0.02,862.13,,56.66
2021-09-15 21:50:00 UTC,29.32,51.88,57.68,18568.00,0.02,862.00,,40.87
2021-09-15 22:00:00 UTC,8.56,19.79,22.61,18601.60,0.02,861.90,,19.72
2021-09-15 22:10:00 UTC,2.06,5.72,6.30,18568.00,0.02,861.81,,5.72
2021-09-15 22:20:00 UTC,0.37,3.14,3.54,18568.00,0.02,861.76,,3.14
2021-09-15 22:30:00 UTC,0.09,2.73,3.02,18668.80,0.02,861.69,,2.73
2021-09-15 22:40:00 UTC,0.03,2.37,2.43,18635.20,0.02,861.60,,2.37
2021-09-15 22:50:00 UTC,0.27,2.73,3.41,18500.80,0.02,861.54,,2.73,
2022-01-17 17:00:00 UTC,25.08,36.56,38.54,17699.20,0.02,855.05,,33.36
2022-01-17 17:10:00 UTC,19.06,28.90,30.17,18108.80,0.02,854.88,,28.41
2022-01-17 17:20:00 UTC,15.29,24.98,25.95,18008.00,0.02,854.77,,24.98
2022-01-17 17:30:00 UTC,11.84,22.07,23.61,18041.60,0.02,854.72,,22.07
2022-01-17 17:40:00 UTC,12.19,22.52,23.82,18041.60,0.02,854.64,,22.52
2022-01-17 17:50:00 UTC,10.67,22.05,22.92,18075.20,0.02,854.39,,22.05
2022-01-17 18:00:00 UTC,11.12,21.98,23.18,18041.60,0.02,853.98,,21.98
2022-01-17 18:10:00 UTC,10.77,21.41,22.25,18041.60,0.02,853.64,,21.41
2022-01-17 18:20:00 UTC,9.77,20.97,21.93,18008.00,0.02,853.47,,20.97
2022-01-17 18:30:00 UTC,9.57,20.23,21.05,18041.60,0.02,853.23,,20.23
2022-01-17 18:40:00 UTC,8.76,19.74,20.45,18041.60,0.02,852.98,,19.74
2022-01-17 18:50:00 UTC,8.60,18.90,20.06,18008.00,0.02,853.04,,18.90
2022-01-17 19:00:00 UTC,9.56,19.96,21.09,18142.40,0.02,852.85,,19.96
2022-01-17 19:10:00 UTC,8.50,18.82,19.67,18075.20,0.02,852.59,,18.82
2022-01-17 19:20:00 UTC,8.25,18.39,19.15,18176.00,0.02,852.37,,18.39
2022-01-17 19:30:00 UTC,8.48,18.62,19.86,18008.00,0.02,852.20,,18.62,
2022-01-18 21:30:00 UTC,13.66,23.11,24.36,18800.00,0.01,852.24,,23.11
2022-01-18 21:40:00 UTC,13.54,22.99,24.15,18766.40,0.02,852.22,,22.99
2022-01-18 21:50:00 UTC,12.79,21.34,22.41,18660.80,0.02,852.17,,21.34
2022-01-18 22:00:00 UTC,12.16,22.20,23.28,18668.80,0.02,852.15,,22.20
2022-01-18 22:10:00 UTC,261.46,347.00,352.96,18601.60,0.02,852.17,,233.10
2022-01-18 22:20:00 UTC,40.63,51.31,52.85,18601.60,0.02,852.20,,40.23
2022-01-18 22:30:00 UTC,9.98,19.18,20.12,18601.60,0.02,852.09,,19.18
2022-01-18 22:40:00 UTC,9.40,18.85,19.92,18568.00,0.02,852.24,,18.85
2022-01-18 22:50:00 UTC,9.10,19.04,20.13,18568.00,0.02,852.41,,19.04
2022-01-18 23:00:00 UTC,9.19,19.20,20.29,18635.20,0.02,852.36,,19.20
2022-01-18 23:10:00 UTC,9.23,19.03,19.70,18601.60,0.02,852.51,,19.03
2022-01-18 23:20:00 UTC,9.65,19.43,20.69,18601.60,0.02,852.66,,19.43
2022-01-18 23:30:00 UTC,9.13,19.21,20.56,18568.00,0.02,852.65,,19.21
2022-01-18 23:40:00 UTC,9.52,19.91,20.88,18601.60,0.02,852.98,,19.91
2022-01-18 23:50:00 UTC,9.74,19.83,20.51,18601.60,0.02,853.12,,19.83,
2022-01-19 00:00:00 UTC,9.93,19.77,20.97,18601.60,0.02,853.25,,19.77
2022-01-19 00:10:00 UTC,9.70,20.13,21.29,18601.60,0.02,853.41,,20.13
2022-01-19 00:20:00 UTC,9.43,19.23,20.24,18601.60,0.02,853.49,,19.23
2022-01-19 00:30:00 UTC,9.25,19.22,20.67,18534.40,0.02,853.63,,19.22
2022-01-19 00:40:00 UTC,9.07,18.50,19.51,18568.00,0.02,853.77,,18.50
2022-01-19 00:50:00 UTC,8.61,18.29,19.33,18601.60,0.02,853.92,,18.29
2022-01-19 01:00:00 UTC,8.56,18.75,19.42,18601.60,0.02,854.01,,18.75
2022-01-19 01:10:00 UTC,8.89,18.26,18.98,18601.60,0.02,854.08,,18.26
2022-01-19 01:20:00 UTC,8.91,18.60,19.53,18601.60,0.02,854.12,,18.60
2022-01-19 01:30:00 UTC,8.92,18.49,19.21,18601.60,0.02,854.18,,18.49
2022-01-19 01:40:00 UTC,8.30,18.23,18.92,18635.20,0.02,854.22,,18.23
2022-01-19 01:50:00 UTC,8.18,18.38,19.08,18635.20,0.02,854.32,,18.38
2022-01-19 02:00:00 UTC,8.04,17.78,18.69,18635.20,0.02,854.53,,17.78
2022-01-19 02:10:00 UTC,8.02,18.20,18.76,18702.40,0.02,854.74,,18.20
2022-01-19 02:20:00 UTC,8.43,18.53,19.83,18568.00,0.02,854.96,,18.53
2022-01-19 02:30:00 UTC,8.98,18.58,19.57,18601.60,0.02,855.05,,18.58
2022-01-19 02:40:00 UTC,9.02,18.89,19.73,18635.20,0.02,855.14,,18.89
2022-01-19 02:50:00 UTC,8.51,18.90,19.60,18601.60,0.02,855.23,,18.90
2022-01-19 03:00:00 UTC,8.63,18.46,19.53,18601.60,0.02,855.26,,18.46
2022-01-19 03:10:00 UTC,8.62,18.78,19.58,18601.60,0.02,855.36,,18.78
2022-01-19 03:20:00 UTC,8.29,17.78,18.70,18601.60,0.02,855.34,,17.78
2022-01-19 03:30:00 UTC,8.59,18.62,19.27,18568.00,0.02,855.51,,18.62
2022-01-19 03:40:00 UTC,8.06,18.36,19.01,18635.20,0.02,855.47,,18.36
2022-01-19 03:50:00 UTC,8.36,17.84,18.76,18635.20,0.02,855.41,,17.84
2022-01-19 04:00:00 UTC,8.01,17.91,18.19,18668.80,0.02,855.31,,17.91
2022-01-19 04:10:00 UTC,7.49,17.10,18.31,18568.00,0.02,855.17,,17.10
2022-01-19 04:20:00 UTC,7.22,17.08,18.38,18601.60,0.02,855.11,,17.08
2022-01-19 04:30:00 UTC,7.33,16.70,17.61,18534.40,0.02,855.10,,16.70
2022-01-19 04:40:00 UTC,7.41,16.29,17.58,18568.00,0.02,854.99,,16.29
2022-01-19 04:50:00 UTC,7.22,16.88,17.87,18635.20,0.02,854.81,,16.88
2022-01-19 05:00:00 UTC,7.39,16.55,17.56,18601.60,0.02,854.70,,16.55
2022-01-19 05:10:00 UTC,7.43,17.43,18.29,18545.60,0.02,854.63,,17.43
2022-01-19 05:20:00 UTC,7.40,17.10,17.60,18601.60,0.02,854.55,,17.10
2022-01-19 05:30:00 UTC,7.22,16.32,17.38,18601.60,0.02,854.49,,16.32
2022-01-19 05:40:00 UTC,7.56,16.57,17.67,18601.60,0.02,854.51,,16.57
2022-01-19 05:50:00 UTC,7.04,16.32,17.33,18601.60,0.02,854.42,,16.32
2022-01-19 06:00:00 UTC,7.34,16.51,17.72,18601.60,0.02,854.23,,16.51
2022-01-19 06:10:00 UTC,7.42,17.08,17.95,18568.00,0.02,854.18,,17.08
2022-01-19 06:20:00 UTC,7.81,17.83,18.73,18568.00,0.02,853.98,,17.83
2022-01-19 06:30:00 UTC,7.80,17.69,18.44,18534.40,0.02,853.82,,17.69
2022-01-19 06:40:00 UTC,7.77,17.41,18.28,18568.00,0.02,853.64,,17.41
2022-01-19 06:50:00 UTC,7.72,17.31,18.21,18601.60,0.02,853.51,,17.31
2022-01-19 07:00:00 UTC,8.05,17.67,18.63,18601.60,0.02,853.44,,17.67
2022-01-19 07:10:00 UTC,7.71,17.48,18.24,18568.00,0.02,853.48,,17.48
2022-01-19 07:20:00 UTC,7.23,16.82,17.41,18635.20,0.02,853.49,,16.82
2022-01-19 07:30:00 UTC,7.47,17.07,17.96,18534.40,0.02,853.45,,17.07
2022-01-19 07:40:00 UTC,7.67,17.50,18.02,18668.80,0.02,853.34,,17.50
2022-01-19 07:50:00 UTC,7.80,17.72,18.38,18601.60,0.02,853.21,,17.72
2022-01-19 08:00:00 UTC,8.17,18.15,18.84,18668.80,0.02,853.22,,18.15
2022-01-19 08:10:00 UTC,8.13,17.56,18.49,18601.60,0.02,853.16,,17.56
2022-01-19 08:20:00 UTC,8.46,18.00,19.13,18635.20,0.02,853.32,,18.00
2022-01-19 08:30:00 UTC,13.18,22.09,23.22,18568.00,0.02,853.32,,22.09
2022-01-19 08:40:00 UTC,15.12,22.93,24.17,18568.00,0.02,853.35,,22.93
2022-01-19 08:50:00 UTC,14.18,22.72,24.49,18601.60,0.02,853.40,,22.72
2022-01-19 09:00:00 UTC,14.08,22.45,23.57,18545.60,0.02,853.41,,22.45
2022-01-19 09:10:00 UTC,14.56,23.11,23.99,18568.00,0.02,853.46,,23.11
2022-01-19 09:20:00 UTC,14.00,22.49,23.39,18601.60,0.02,853.60,,22.49
2022-01-19 09:30:00 UTC,14.28,22.67,23.96,18534.40,0.02,853.67,,22.67
2022-01-19 09:40:00 UTC,13.66,23.13,24.09,18568.00,0.02,853.76,,23.13
2022-01-19 09:50:00 UTC,14.41,23.13,23.81,18568.00,0.02,853.78,,23.13
2022-01-19 10:00:00 UTC,15.89,23.82,25.34,18601.60,0.02,853.84,,23.82
2022-01-19 10:10:00 UTC,16.63,24.24,25.71,18568.00,0.02,853.96,,24.24
2022-01-19 10:20:00 UTC,16.70,24.98,25.99,18601.60,0.02,853.97,,24.98
2022-01-19 10:30:00 UTC,16.21,24.40,25.57,18534.40,0.02,853.95,,24.40
2022-01-19 10:40:00 UTC,16.19,24.45,25.75,18635.20,0.02,854.08,,24.45
2022-01-19 10:50:00 UTC,15.40,24.15,25.62,18635.20,0.02,854.09,,24.15
2022-01-19 11:00:00 UTC,15.31,24.43,25.72,18635.20,0.02,854.05,,24.43
2022-01-19 11:10:00 UTC,15.81,24.59,25.71,18568.00,0.02,854.14,,24.59
2022-01-19 11:20:00 UTC,16.56,24.65,25.65,18568.00,0.02,854.15,,24.65
2022-01-19 11:30:00 UTC,16.17,24.32,25.06,18568.00,0.02,854.31,,24.32
2022-01-19 11:40:00 UTC,17.43,25.38,26.15,18601.60,0.02,854.45,,25.38
2022-01-19 11:50:00 UTC,17.65,26.08,26.93,18568.00,0.02,854.54,,26.08
2022-01-19 12:00:00 UTC,17.93,26.19,27.72,18635.20,0.02,854.67,,26.19
2022-01-19 12:10:00 UTC,18.54,27.47,28.21,18601.60,0.02,854.72,,27.46
2022-01-19 12:20:00 UTC,19.41,28.22,29.55,18601.60,0.02,854.71,,28.06
2022-01-19 12:30:00 UTC,19.94,29.81,31.38,18545.60,0.02,854.77,,29.31
2022-01-19 12:40:00 UTC,19.80,29.51,31.36,18635.20,0.02,854.63,,29.20
2022-01-19 12:50:00 UTC,18.20,26.39,28.11,18568.00,0.02,854.81,,26.37
2022-01-19 13:00:00 UTC,15.90,25.24,26.01,18568.00,0.02,854.95,,25.24
2022-01-19 13:10:00 UTC,17.70,26.37,27.71,18580.80,0.02,854.93,,26.34
2022-01-19 13:20:00 UTC,15.63,24.59,25.61,18635.20,0.02,855.07,,24.59
2022-01-19 13:30:00 UTC,14.25,22.55,23.46,18635.20,0.02,855.08,,22.55
2022-01-19 13:40:00 UTC,10.91,21.01,21.97,18635.20,0.02,854.98,,21.01
2022-01-19 13:50:00 UTC,7.85,18.01,19.17,18769.60,0.02,854.95,,18.01
2022-01-19 14:00:00 UTC,7.28,16.44,17.66,18736.00,0.02,855.03,,16.44
2022-01-19 14:10:00 UTC,7.88,18.27,19.21,18736.00,0.02,855.08,,18.27
2022-01-19 14:20:00 UTC,8.77,18.80,19.66,18702.40,0.02,855.01,,18.80
2022-01-19 14:30:00 UTC,7.85,18.46,18.94,18668.80,0.02,854.91,,18.46
2022-01-19 14:40:00 UTC,8.31,18.72,19.70,18702.40,0.02,854.79,,18.72
2022-01-19 14:50:00 UTC,8.67,19.19,20.19,18870.40,0.02,854.76,,19.19
2022-01-19 15:00:00 UTC,10.09,20.48,21.49,18769.60,0.02,854.66,,20.48
2022-01-19 15:10:00 UTC,14.29,22.38,23.81,18769.60,0.02,854.63,,22.38
2022-01-19 15:20:00 UTC,12.40,22.06,22.94,18648.00,0.02,854.59,,22.06
2022-01-19 15:30:00 UTC,9.87,20.14,21.31,18601.60,0.02,854.23,,20.14
2022-01-19 15:40:00 UTC,9.14,19.66,20.52,18635.20,0.02,854.36,,19.66
2022-01-19 15:50:00 UTC,9.12,19.68,20.80,18769.60,0.02,854.18,,19.68
2022-01-19 16:00:00 UTC,12.69,21.61,22.55,18668.80,0.02,854.04,,21.61
2022-01-19 16:10:00 UTC,10.13,19.91,20.78,18568.00,0.02,853.91,,19.91
2022-01-19 16:20:00 UTC,7.00,16.01,16.84,18668.80,0.02,853.71,,16.01
2022-01-19 16:30:00 UTC,6.01,14.02,15.17,18836.80,0.02,853.51,,14.02
2022-01-19 16:40:00 UTC,6.25,14.05,15.67,18702.40,0.02,853.32,,14.05
2022-01-19 16:50:00 UTC,7.28,14.54,15.58,18769.60,0.02,853.10,,14.54
2022-01-19 17:00:00 UTC,5.25,9.90,11.46,18702.40,0.02,852.93,,9.90
2022-01-19 17:10:00 UTC,5.34,9.22,9.74,18601.60,0.02,852.72,,9.22
2022-01-19 17:20:00 UTC,4.94,10.06,10.56,18601.60,0.02,852.53,,10.06
2022-01-19 17:30:00 UTC,2.04,5.26,5.51,18568.00,0.02,852.33,,5.26
2022-01-19 17:40:00 UTC,5.01,9.14,10.62,18568.00,0.02,852.10,,9.14
2022-01-19 17:50:00 UTC,4.33,7.79,8.66,18601.60,0.02,851.96,,7.79
2022-01-19 18:00:00 UTC,3.94,7.44,8.04,18635.20,0.02,851.78,,7.44
2022-01-19 18:10:00 UTC,3.52,6.75,7.04,18668.80,0.02,851.62,,6.75
2022-01-19 18:20:00 UTC,3.13,5.98,6.40,18601.60,0.02,851.45,,5.98
2022-01-19 18:30:00 UTC,1.36,4.10,4.37,18534.40,0.02,851.31,,4.10
2022-01-19 18:40:00 UTC,0.66,3.12,3.49,18601.60,0.02,851.10,,3.12
2022-01-19 18:50:00 UTC,0.17,2.19,2.41,18736.00,0.02,850.97,,2.19
2022-01-19 19:00:00 UTC,0.09,2.38,2.76,18635.20,0.02,850.90,,2.38
2022-01-19 19:10:00 UTC,0.49,2.83,3.10,18668.80,0.02,850.77,,2.83
2022-01-19 19:20:00 UTC,1.55,3.43,3.97,18635.20,0.02,850.78,,3.43
2022-01-19 19:30:00 UTC,1.04,3.30,3.56,18803.20,0.02,850.68,,3.30
2022-01-19 19:40:00 UTC,2.36,5.50,5.87,18635.20,0.02,850.64,,5.50
2022-01-19 19:50:00 UTC,2.13,4.89,5.33,18635.20,0.02,850.52,,4.89
2022-01-19 20:00:00 UTC,0.41,2.63,2.91,18836.80,0.02,850.47,,2.63
2022-01-19 20:10:00 UTC,1.52,3.68,3.85,18656.00,0.02,850.42,,3.68
2022-01-19 20:20:00 UTC,1.72,4.05,4.47,18304.00,0.02,850.33,,4.05
2022-01-19 20:30:00 UTC,0.77,3.39,3.58,18499.20,0.02,850.22,,3.39
2022-01-19 20:40:00 UTC,1.74,3.64,3.94,18331.20,0.02,850.12,,3.64
2022-01-19 20:50:00 UTC,2.53,4.40,4.82,18585.60,0.02,849.97,,4.40
2022-01-19 21:00:00 UTC,2.56,4.29,4.54,18627.20,0.02,850.12,,4.29
2022-01-19 21:10:00 UTC,4.24,6.59,6.85,18635.20,0.02,850.06,,6.59
2022-01-19 21:20:00 UTC,19.95,26.59,27.66,18635.20,0.02,850.21,,23.22
2022-01-19 21:30:00 UTC,7.08,11.65,12.19,18702.40,0.02,850.10,,11.65
2022-01-19 21:40:00 UTC,19.68,25.99,26.87,18635.20,0.02,850.25,,21.78
2022-01-19 21:50:00 UTC,13.95,18.96,19.42,18568.00,0.02,850.20,,17.89
2022-01-19 22:00:00 UTC,10.14,17.18,18.01,18601.60,0.02,850.23,,17.18
2022-01-19 22:10:00 UTC,6.20,10.68,11.90,18668.80,0.02,850.27,,10.68
2022-01-19 22:20:00 UTC,5.49,8.87,9.35,18702.40,0.02,850.33,,8.87
2022-01-19 22:30:00 UTC,5.68,9.76,10.67,18668.80,0.02,850.31,,9.76
2022-01-19 22:40:00 UTC,6.32,11.20,12.50,18635.20,0.02,850.34,,11.20
2022-01-19 22:50:00 UTC,6.32,11.79,13.17,18635.20,0.02,850.44,,11.79
2022-01-19 23:00:00 UTC,6.25,10.50,12.13,18601.60,0.02,850.59,,10.50
2022-01-19 23:10:00 UTC,6.53,11.63,13.60,18601.60,0.02,850.77,,11.63
2022-01-19 23:20:00 UTC,6.28,12.10,13.75,18601.60,0.02,850.94,,12.10
2022-01-19 23:30:00 UTC,6.59,11.30,12.11,18568.00,0.02,851.15,,11.30
2022-01-19 23:40:00 UTC,6.50,12.14,14.06,18635.20,0.02,851.29,,12.14
2022-01-19 23:50:00 UTC,6.28,12.09,14.19,18601.60,0.02,851.58,,12.09,
2022-01-20 00:00:00 UTC,6.69,13.40,15.92,18702.40,0.02,851.82,,13.40
2022-01-20 00:10:00 UTC,6.28,13.06,15.47,18568.00,0.02,852.06,,13.06
2022-01-20 00:20:00 UTC,6.41,13.28,15.87,18635.20,0.02,852.26,,13.28
2022-01-20 00:30:00 UTC,6.96,13.94,15.33,18601.60,0.02,852.20,,13.94
2022-01-20 00:40:00 UTC,6.68,14.05,15.53,18635.20,0.02,852.36,,14.05
2022-01-20 00:50:00 UTC,6.57,13.94,15.85,18635.20,0.02,852.55,,13.94
2022-01-20 01:00:00 UTC,6.69,14.84,16.31,18601.60,0.02,852.50,,14.84
2022-01-20 01:10:00 UTC,6.97,14.52,16.29,18702.40,0.02,852.55,,14.52
2022-01-20 01:20:00 UTC,6.89,14.03,15.62,18601.60,0.02,852.88,,14.03
2022-01-20 01:30:00 UTC,6.68,13.58,15.07,18668.80,0.02,853.06,,13.58
2022-01-20 01:40:00 UTC,7.03,15.27,16.43,18668.80,0.02,853.28,,15.27
2022-01-20 01:50:00 UTC,7.09,15.49,16.63,18534.40,0.02,853.37,,15.49
2022-01-20 02:00:00 UTC,8.27,17.67,19.08,18668.80,0.02,853.51,,17.67
2022-01-20 02:10:00 UTC,8.40,18.00,19.33,18635.20,0.02,853.65,,18.00
2022-01-20 02:20:00 UTC,7.96,17.64,18.42,18601.60,0.02,853.75,,17.64
2022-01-20 02:30:00 UTC,8.44,18.29,18.95,18601.60,0.02,853.72,,18.29
2022-01-20 02:40:00 UTC,9.04,18.94,19.67,18568.00,0.02,853.68,,18.94
2022-01-20 02:50:00 UTC,8.78,18.54,19.41,18601.60,0.02,853.67,,18.54
2022-01-20 03:00:00 UTC,8.25,17.83,18.42,18601.60,0.02,853.76,,17.83
2022-01-20 03:10:00 UTC,7.94,18.15,18.56,18568.00,0.02,853.79,,18.15
2022-01-20 03:20:00 UTC,8.89,19.04,19.39,18635.20,0.02,853.88,,19.04
2022-01-20 03:30:00 UTC,8.20,18.37,19.27,18635.20,0.02,853.91,,18.37
2022-01-20 03:40:00 UTC,8.61,18.90,19.87,18635.20,0.02,853.90,,18.90
2022-01-20 03:50:00 UTC,8.63,18.67,19.43,18568.00,0.02,853.87,,18.67
2022-01-20 04:00:00 UTC,9.61,19.12,19.97,18568.00,0.02,853.94,,19.12
2022-01-20 04:10:00 UTC,8.86,18.98,19.81,18635.20,0.02,853.89,,18.98
2022-01-20 04:20:00 UTC,9.23,19.03,19.99,18568.00,0.02,853.83,,19.03
2022-01-20 04:30:00 UTC,9.27,19.26,20.32,18635.20,0.02,853.80,,19.26
2022-01-20 04:40:00 UTC,9.54,19.75,20.45,18601.60,0.02,853.76,,19.75
2022-01-20 04:50:00 UTC,9.58,19.73,20.65,18568.00,0.02,853.71,,19.73
2022-01-20 05:00:00 UTC,9.75,20.01,20.81,18601.60,0.02,853.55,,20.01
2022-01-20 05:10:00 UTC,10.04,19.88,21.17,18601.60,0.02,853.32,,19.88
2022-01-20 05:20:00 UTC,10.86,21.21,22.24,18601.60,0.02,853.13,,21.21
2022-01-20 05:30:00 UTC,10.35,20.56,21.79,18568.00,0.02,852.86,,20.56
2022-01-20 05:40:00 UTC,10.27,20.79,21.35,18601.60,0.02,852.90,,20.79
2022-01-20 05:50:00 UTC,9.80,20.61,21.09,18601.60,0.02,852.86,,20.61
2022-01-20 06:00:00 UTC,10.64,20.99,22.20,18635.20,0.02,852.82,,20.99
2022-01-20 06:10:00 UTC,10.95,21.07,22.01,18635.20,0.02,852.60,,21.07
2022-01-20 06:20:00 UTC,11.34,21.82,22.83,18668.80,0.02,852.45,,21.82
2022-01-20 06:30:00 UTC,12.63,22.70,23.84,18601.60,0.02,852.36,,22.70
2022-01-20 06:40:00 UTC,15.06,24.44,25.40,18702.40,0.02,852.39,,24.44
2022-01-20 06:50:00 UTC,14.89,24.29,25.39,18601.60,0.02,852.31,,24.29
2022-01-20 07:00:00 UTC,14.51,24.38,25.90,18668.80,0.02,852.22,,24.38
2022-01-20 07:10:00 UTC,13.96,24.03,25.25,18668.80,0.02,852.11,,24.03
2022-01-20 07:20:00 UTC,14.44,24.33,25.20,18568.00,0.02,851.96,,24.33
2022-01-20 07:30:00 UTC,14.48,23.82,25.10,18702.40,0.02,852.09,,23.82
2022-01-20 07:40:00 UTC,14.89,23.80,24.81,18668.80,0.02,852.10,,23.80
2022-01-20 07:50:00 UTC,14.78,24.40,25.60,18568.00,0.02,852.03,,24.40
2022-01-20 08:00:00 UTC,14.70,24.07,25.37,18568.00,0.02,851.98,,24.07
2022-01-20 08:10:00 UTC,15.23,24.18,24.98,18601.60,0.02,852.02,,24.18
2022-01-20 08:20:00 UTC,15.11,23.87,24.88,18702.40,0.02,851.94,,23.87
2022-01-20 08:30:00 UTC,15.68,24.23,25.19,18601.60,0.02,851.99,,24.23
2022-01-20 08:40:00 UTC,16.66,26.09,27.11,18635.20,0.02,851.97,,26.09
2022-01-20 08:50:00 UTC,17.57,26.38,27.19,18568.00,0.02,852.00,,26.38
2022-01-20 09:00:00 UTC,18.11,27.01,28.22,18601.60,0.02,852.01,,26.99
2022-01-20 09:10:00 UTC,18.40,27.78,28.87,18601.60,0.02,852.01,,27.78
2022-01-20 09:20:00 UTC,17.98,27.02,28.13,18668.80,0.02,852.06,,27.02
2022-01-20 09:30:00 UTC,17.73,26.58,27.90,18601.60,0.02,852.05,,26.58
2022-01-20 09:40:00 UTC,18.52,26.48,27.83,18601.60,0.02,852.09,,26.48
2022-01-20 09:50:00 UTC,18.67,27.06,28.03,18568.00,0.02,852.20,,27.06
2022-01-20 10:00:00 UTC,17.86,27.08,28.03,18601.60,0.02,852.24,,27.08
2022-01-20 10:10:00 UTC,17.77,26.75,28.30,18635.20,0.02,852.37,,26.75
2022-01-20 10:20:00 UTC,18.87,27.37,28.83,18635.20,0.02,852.53,,27.32
2022-01-20 10:30:00 UTC,18.48,27.62,28.66,18612.80,0.02,852.64,,27.53
2022-01-20 10:40:00 UTC,19.41,28.01,29.33,18568.00,0.02,852.67,,27.89
2022-01-20 10:50:00 UTC,19.38,27.89,29.13,18568.00,0.02,852.61,,27.84
2022-01-20 11:00:00 UTC,19.44,28.68,30.05,18601.60,0.02,852.60,,28.56
2022-01-20 11:10:00 UTC,19.91,29.10,30.36,18601.60,0.02,852.72,,28.84
2022-01-20 11:20:00 UTC,20.28,29.80,31.35,18568.00,0.02,852.77,,29.21
2022-01-20 11:30:00 UTC,20.36,29.18,30.27,18601.60,0.02,852.91,,28.79
2022-01-20 11:40:00 UTC,21.56,29.87,31.68,18635.20,0.02,853.08,,29.49
2022-01-20 11:50:00 UTC,22.05,31.35,32.58,18601.60,0.02,853.23,,30.46
2022-01-20 12:00:00 UTC,23.47,32.50,34.06,18668.80,0.02,853.44,,31.24
2022-01-20 12:10:00 UTC,23.29,32.79,34.05,18601.60,0.02,853.57,,31.50
2022-01-20 12:20:00 UTC,24.29,34.78,36.43,18736.00,0.02,853.76,,32.48
2022-01-20 12:30:00 UTC,27.32,39.44,41.73,18736.00,0.02,853.80,,35.22
2022-01-20 12:40:00 UTC,29.69,42.69,44.85,18746.67,0.02,853.88,,37.30
2022-01-20 12:50:00 UTC,30.21,43.89,45.88,18370.00,0.02,853.90,,37.81
2022-01-20 13:00:00 UTC,30.07,43.71,45.80,18792.00,0.02,853.97,,37.72
2022-01-20 13:10:00 UTC,25.28,37.41,39.33,18579.20,0.02,854.00,,33.88
2022-01-20 13:20:00 UTC,23.38,35.67,37.57,18612.80,0.02,853.93,,32.71
2022-01-20 13:30:00 UTC,22.75,34.41,36.20,18680.00,0.02,854.12,,32.18
2022-01-20 13:40:00 UTC,22.96,34.51,36.43,18545.60,0.02,853.98,,32.30
2022-01-20 13:50:00 UTC,20.97,31.15,33.32,18545.60,0.02,853.99,,30.22
2022-01-20 14:00:00 UTC,19.78,29.13,30.77,18814.40,0.02,853.94,,28.79
2022-01-20 14:10:00 UTC,20.62,29.56,31.28,18596.00,0.02,853.89,,29.25
2022-01-20 14:20:00 UTC,21.47,32.38,34.56,18806.00,0.02,853.76,,31.03
2022-01-20 14:30:00 UTC,8.65,16.68,17.60,18544.00,0.02,853.68,,16.68
2022-01-20 14:40:00 UTC,13.72,21.11,22.30,18780.80,0.02,853.71,,20.66
2022-01-20 14:50:00 UTC,30.08,42.99,43.86,18680.00,0.02,853.72,,33.87
2022-01-20 15:00:00 UTC,9.95,18.73,19.51,18579.20,0.02,853.64,,18.61
2022-01-20 15:10:00 UTC,6.95,14.92,15.80,18579.20,0.02,853.55,,14.92
2022-01-20 15:20:00 UTC,6.24,12.53,14.02,18638.00,0.02,853.45,,12.53
2022-01-20 15:30:00 UTC,10.34,20.18,21.32,18722.00,0.02,853.00,,20.18
2022-01-20 15:40:00 UTC,6.68,13.72,15.44,18545.60,0.02,853.14,,13.72
2022-01-20 15:50:00 UTC,5.56,10.50,12.02,18612.80,0.02,852.88,,10.50
2022-01-20 16:00:00 UTC,4.93,10.38,12.63,18512.00,0.02,852.74,,10.38
2022-01-20 16:10:00 UTC,4.96,9.88,11.21,18612.80,0.02,852.76,,9.88
2022-01-20 16:20:00 UTC,4.86,8.68,9.70,18545.60,0.02,852.74,,8.68
2022-01-20 16:30:00 UTC,4.69,8.07,8.74,18612.80,0.02,852.55,,8.07
2022-01-20 16:40:00 UTC,4.23,7.43,7.80,18612.80,0.02,852.32,,7.43
2022-01-20 16:50:00 UTC,3.57,6.43,6.71,18512.00,0.02,852.23,,6.43
2022-01-20 17:00:00 UTC,2.43,5.00,5.25,18579.20,0.02,852.16,,5.00
2022-01-20 17:10:00 UTC,2.81,5.24,5.65,18512.00,0.02,852.07,,5.24
2022-01-20 17:20:00 UTC,3.59,7.13,7.57,18612.80,0.02,851.95,,7.13
2022-01-20 17:30:00 UTC,5.50,8.94,9.48,18545.60,0.02,851.72,,8.84
2022-01-20 17:40:00 UTC,9.96,18.16,18.88,18579.20,0.02,851.58,,18.16
2022-01-20 17:50:00 UTC,2.43,4.84,5.19,18478.40,0.02,851.38,,4.84
2022-01-20 18:00:00 UTC,3.09,5.80,6.27,18512.00,0.02,851.22,,5.80
2022-01-20 18:10:00 UTC,3.15,6.24,6.62,18579.20,0.02,851.11,,6.24
2022-01-20 18:20:00 UTC,2.97,5.80,6.23,18512.00,0.02,850.90,,5.80
2022-01-20 18:30:00 UTC,2.93,5.72,6.01,18579.20,0.02,850.76,,5.72
2022-01-20 18:40:00 UTC,2.71,5.23,5.50,18612.80,0.02,850.35,,5.23
2022-01-20 18:50:00 UTC,2.25,5.28,5.61,18554.00,0.02,850.39,,5.28
2022-01-20 19:00:00 UTC,,,,,,,,
2022-01-20 19:10:00 UTC,3.00,5.61,6.55,17112.00,0.02,850.13,,5.61
2022-01-20 19:20:00 UTC,3.31,5.99,6.43,18456.00,0.02,849.98,,5.99
2022-01-20 19:30:00 UTC,6.60,10.83,11.18,18467.20,0.02,849.74,,10.81
2022-01-20 19:40:00 UTC,6.68,11.99,12.77,18366.40,0.02,849.69,,11.99
2022-01-20 19:50:00 UTC,2.28,4.77,4.99,18211.20,0.02,849.66,,4.77
2022-01-20 20:00:00 UTC,2.34,4.93,5.12,18163.20,0.02,849.53,,4.93
2022-01-20 20:10:00 UTC,1.57,3.82,4.23,18163.20,0.02,849.47,,3.82
2022-01-20 20:20:00 UTC,0.30,2.70,2.90,18299.20,0.02,849.35,,2.70
2022-01-20 20:30:00 UTC,1.15,3.36,3.68,18332.80,0.02,849.31,,3.36
2022-01-20 20:40:00 UTC,0.50,2.74,3.16,18366.40,0.02,849.37,,2.74
2022-01-20 20:50:00 UTC,0.63,3.02,3.38,18299.20,0.02,849.34,,3.02
2022-01-20 21:00:00 UTC,0.49,2.83,3.09,18366.40,0.02,849.37,,2.83
2022-01-20 21:10:00 UTC,0.70,2.39,2.65,18232.00,0.02,849.41,,2.39
2022-01-20 21:20:00 UTC,0.18,2.02,2.12,18265.60,0.02,849.23,,2.02
2022-01-20 21:30:00 UTC,1.08,2.86,3.15,18232.00,0.02,849.45,,2.86
2022-01-20 21:40:00 UTC,8.10,15.32,16.65,18123.20,0.02,849.50,,14.05
2022-01-20 21:50:00 UTC,6.08,11.17,12.15,18028.80,0.02,849.60,,11.15
2022-01-20 22:00:00 UTC,1.43,3.85,4.05,18272.00,0.02,849.65,,3.85
2022-01-20 22:10:00 UTC,2.36,4.54,4.81,18332.80,0.02,849.64,,4.54
2022-01-20 22:20:00 UTC,2.49,4.87,5.22,18265.60,0.02,849.71,,4.87
2022-01-20 22:30:00 UTC,2.31,4.67,5.07,18232.00,0.02,849.86,,4.67
2022-01-20 22:40:00 UTC,2.61,4.90,5.09,18232.00,0.02,850.01,,4.90
2022-01-20 22:50:00 UTC,2.20,4.25,4.48,18265.60,0.02,850.15,,4.25
2022-01-20 23:00:00 UTC,2.46,4.75,5.02,18265.60,0.02,850.33,,4.75
2022-01-20 23:10:00 UTC,2.61,5.42,5.67,18232.00,0.02,850.40,,5.42
2022-01-20 23:20:00 UTC,1.96,4.59,5.04,18265.60,0.02,850.46,,4.59
2022-01-20 23:30:00 UTC,2.37,4.78,5.07,18232.00,0.02,850.60,,4.78
2022-01-20 23:40:00 UTC,2.34,5.03,5.40,18265.60,0.02,850.72,,5.03
2022-01-20 23:50:00 UTC,2.51,5.12,5.30,18232.00,0.02,850.83,,5.12,
2022-01-21 00:00:00 UTC,2.78,5.64,6.08,18265.60,0.02,850.96,,5.64
2022-01-21 00:10:00 UTC,2.87,5.27,5.69,18265.60,0.02,851.24,,5.27
2022-01-21 00:20:00 UTC,3.07,5.61,5.83,18265.60,0.02,851.52,,5.61
2022-01-21 00:30:00 UTC,3.90,6.47,6.94,18299.20,0.02,851.81,,6.47
2022-01-21 00:40:00 UTC,3.63,6.37,6.60,18265.60,0.02,852.06,,6.37
2022-01-21 00:50:00 UTC,4.14,7.29,7.66,18332.80,0.02,852.25,,7.29
2022-01-21 01:00:00 UTC,4.36,7.09,7.45,18299.20,0.02,852.46,,7.09
2022-01-21 01:10:00 UTC,4.52,7.82,8.25,18265.60,0.02,852.64,,7.82
2022-01-21 01:20:00 UTC,4.78,7.91,8.24,18299.20,0.02,852.83,,7.91
2022-01-21 01:30:00 UTC,5.74,9.32,10.02,18265.60,0.02,852.95,,9.32
2022-01-21 01:40:00 UTC,5.53,9.09,9.59,18366.40,0.02,853.07,,9.09
2022-01-21 01:50:00 UTC,5.69,9.45,10.49,18265.60,0.02,853.19,,9.45
2022-01-21 02:00:00 UTC,5.86,10.43,12.17,18332.80,0.02,853.33,,10.43
2022-01-21 02:10:00 UTC,6.34,12.38,14.33,18265.60,0.02,853.38,,12.38
2022-01-21 02:20:00 UTC,7.05,15.24,16.06,18299.20,0.02,853.49,,15.24
2022-01-21 02:30:00 UTC,7.72,16.18,17.52,18332.80,0.02,853.68,,16.18
2022-01-21 02:40:00 UTC,8.81,17.66,18.59,18366.40,0.02,853.82,,17.66
2022-01-21 02:50:00 UTC,9.32,18.56,19.71,18232.00,0.02,853.73,,18.56
2022-01-21 03:00:00 UTC,9.18,18.61,19.82,18265.60,0.02,853.80,,18.61
2022-01-21 03:10:00 UTC,9.47,19.18,19.94,18299.20,0.02,853.87,,19.18
2022-01-21 03:20:00 UTC,9.12,18.32,18.98,18265.60,0.02,853.89,,18.32
2022-01-21 03:30:00 UTC,9.64,19.42,20.11,18265.60,0.02,853.92,,19.42
2022-01-21 03:40:00 UTC,10.45,19.76,20.36,18232.00,0.02,853.94,,19.76
2022-01-21 03:50:00 UTC,10.58,19.95,20.82,18232.00,0.02,853.92,,19.95
2022-01-21 04:00:00 UTC,11.23,20.10,21.13,18265.60,0.02,853.93,,20.10
2022-01-21 04:10:00 UTC,11.76,20.25,21.41,18299.20,0.02,853.88,,20.25
2022-01-21 04:20:00 UTC,11.84,20.62,21.73,18232.00,0.02,853.95,,20.62
2022-01-21 04:30:00 UTC,12.24,21.05,21.97,18265.60,0.02,853.83,,21.05
2022-01-21 04:40:00 UTC,12.42,22.01,22.81,18265.60,0.02,853.78,,22.01
2022-01-21 04:50:00 UTC,13.00,21.54,22.94,18265.60,0.02,853.52,,21.54
2022-01-21 05:00:00 UTC,12.54,21.54,22.44,18265.60,0.02,853.58,,21.54
2022-01-21 05:10:00 UTC,13.91,21.97,22.85,18265.60,0.02,853.48,,21.97
2022-01-21 05:20:00 UTC,12.74,21.79,22.98,18265.60,0.02,853.39,,21.79
2022-01-21 05:30:00 UTC,13.31,21.71,22.17,18299.20,0.02,853.32,,21.71
2022-01-21 05:40:00 UTC,12.90,21.57,22.31,18232.00,0.02,853.40,,21.57
2022-01-21 05:50:00 UTC,12.45,21.39,22.36,18198.40,0.02,853.32,,21.39
2022-01-21 06:00:00 UTC,12.73,21.76,22.68,18232.00,0.02,853.26,,21.76
2022-01-21 06:10:00 UTC,15.02,22.26,23.47,18232.00,0.02,853.24,,22.26
2022-01-21 06:20:00 UTC,15.15,23.00,23.72,18232.00,0.02,853.26,,23.00
2022-01-21 06:30:00 UTC,14.35,22.71,23.58,18332.80,0.02,853.13,,22.71
2022-01-21 06:40:00 UTC,16.07,22.82,24.15,18265.60,0.02,853.04,,22.82
2022-01-21 06:50:00 UTC,14.06,22.56,23.92,18198.40,0.02,852.81,,22.56
2022-01-21 07:00:00 UTC,15.08,22.97,24.39,18265.60,0.02,852.86,,22.97
2022-01-21 07:10:00 UTC,15.42,22.97,24.23,18232.00,0.02,852.84,,22.97
2022-01-21 07:20:00 UTC,15.90,23.62,24.40,18299.20,0.02,852.80,,23.62
2022-01-21 07:30:00 UTC,15.61,22.71,23.71,18232.00,0.02,852.71,,22.71
2022-01-21 07:40:00 UTC,14.40,22.60,23.65,18232.00,0.02,852.64,,22.60
2022-01-21 07:50:00 UTC,15.00,23.13,23.67,18265.60,0.02,852.48,,23.13
2022-01-21 08:00:00 UTC,15.47,23.40,24.35,18232.00,0.02,852.43,,23.40
2022-01-21 08:10:00 UTC,16.28,23.09,23.91,18232.00,0.02,852.40,,23.09
2022-01-21 08:20:00 UTC,14.64,22.46,23.13,18232.00,0.02,852.35,,22.46
2022-01-21 08:30:00 UTC,14.11,22.07,23.00,18232.00,0.02,852.27,,22.07
2022-01-21 08:40:00 UTC,13.34,21.63,22.84,18265.60,0.02,852.22,,21.63
2022-01-21 08:50:00 UTC,12.33,21.32,22.46,18232.00,0.02,852.15,,21.32
2022-01-21 09:00:00 UTC,12.09,21.18,21.89,18232.00,0.02,852.23,,21.18
2022-01-21 09:10:00 UTC,12.56,20.98,22.00,18299.20,0.02,852.33,,20.98
2022-01-21 09:20:00 UTC,13.54,21.38,22.29,18276.80,0.02,852.41,,21.38
2022-01-21 09:30:00 UTC,14.79,22.25,24.05,18232.00,0.02,852.52,,22.25
2022-01-21 09:40:00 UTC,13.66,21.64,22.91,18232.00,0.02,852.65,,21.64
2022-01-21 09:50:00 UTC,12.80,21.93,23.25,18316.00,0.02,852.82,,21.93
2022-01-21 10:00:00 UTC,13.00,21.92,22.87,18198.40,0.02,852.91,,21.92
2022-01-21 10:10:00 UTC,14.94,23.03,23.72,18232.00,0.02,852.82,,23.03
2022-01-21 10:20:00 UTC,15.06,22.29,23.24,18232.00,0.02,852.82,,22.29
2022-01-21 10:30:00 UTC,14.28,22.58,23.47,18232.00,0.02,852.95,,22.58
2022-01-21 10:40:00 UTC,15.31,22.79,23.77,18332.80,0.02,853.06,,22.79
2022-01-21 10:50:00 UTC,15.74,23.07,23.90,18232.00,0.02,853.24,,23.07
2022-01-21 11:00:00 UTC,15.81,23.60,24.71,18198.40,0.02,853.49,,23.60
2022-01-21 11:10:00 UTC,17.24,23.51,24.52,18265.60,0.02,853.62,,23.51
2022-01-21 11:20:00 UTC,17.59,24.60,25.75,18265.60,0.02,853.66,,24.60
2022-01-21 11:30:00 UTC,18.11,25.25,26.30,18232.00,0.02,853.70,,25.25
2022-01-21 11:40:00 UTC,18.48,25.19,26.53,18232.00,0.02,854.01,,25.19
2022-01-21 11:50:00 UTC,18.71,25.74,26.75,18232.00,0.02,854.28,,25.74
2022-01-21 12:00:00 UTC,18.54,25.38,26.52,18232.00,0.02,854.43,,25.38
2022-01-21 12:10:00 UTC,18.92,26.80,28.05,18265.60,0.02,854.59,,26.79
2022-01-21 12:20:00 UTC,21.10,28.71,29.75,18265.60,0.02,854.70,,28.48
2022-01-21 12:30:00 UTC,21.74,30.45,32.31,18265.60,0.02,854.87,,29.59
2022-01-21 12:40:00 UTC,21.31,30.84,32.28,18265.60,0.02,854.97,,29.86
2022-01-21 12:50:00 UTC,21.76,30.42,31.80,18232.00,0.02,854.90,,29.62
2022-01-21 13:00:00 UTC,23.06,32.00,33.45,18299.20,0.02,854.86,,30.51
2022-01-21 13:10:00 UTC,24.70,35.17,36.64,18232.00,0.02,855.01,,32.62
2022-01-21 13:20:00 UTC,24.57,35.37,37.44,18265.60,0.02,855.00,,32.68
2022-01-21 13:30:00 UTC,26.19,37.95,39.60,18540.80,0.02,855.01,,34.22
2022-01-21 13:40:00 UTC,28.61,42.49,44.13,18062.40,0.02,855.12,,36.84
2022-01-21 13:50:00 UTC,40.26,57.95,59.89,18083.20,0.02,855.08,,44.35
2022-01-21 14:00:00 UTC,31.12,45.64,47.96,18366.40,0.02,855.03,,38.56
2022-01-21 14:10:00 UTC,48.96,80.26,87.12,18299.20,0.02,855.07,,58.17
2022-01-21 14:20:00 UTC,29.52,45.46,48.67,18243.20,0.02,855.11,,38.61
2022-01-21 14:30:00 UTC,24.09,34.54,36.37,18299.20,0.02,854.98,,32.22
2022-01-21 14:40:00 UTC,23.02,33.02,34.41,18232.00,0.02,854.92,,31.45
2022-01-21 14:50:00 UTC,21.64,29.98,31.33,18332.80,0.02,854.76,,29.32
2022-01-21 15:00:00 UTC,20.83,28.79,29.98,18265.60,0.02,854.71,,28.50
2022-01-21 15:10:00 UTC,21.11,28.55,29.83,18332.80,0.02,854.68,,28.36
2022-01-21 15:20:00 UTC,20.33,27.87,29.12,18209.60,0.02,854.59,,27.78
2022-01-21 15:30:00 UTC,19.54,27.43,28.47,18332.80,0.02,854.37,,27.42
2022-01-21 15:40:00 UTC,18.36,25.96,26.84,18232.00,0.02,854.18,,25.96
2022-01-21 15:50:00 UTC,17.58,24.40,25.70,18232.00,0.02,853.93,,24.40
2022-01-21 16:00:00 UTC,16.82,24.20,25.05,18299.20,0.02,853.85,,24.20
2022-01-21 16:10:00 UTC,17.92,25.14,26.35,18232.00,0.02,853.71,,25.14
2022-01-21 16:20:00 UTC,17.61,23.90,24.96,18400.00,0.02,853.45,,23.90
2022-01-21 16:30:00 UTC,17.58,24.58,25.61,18265.60,0.02,853.36,,24.58
2022-01-21 16:40:00 UTC,17.68,25.51,26.34,18265.60,0.02,853.24,,25.51
2022-01-21 16:50:00 UTC,18.16,25.08,26.17,18332.80,0.02,853.09,,25.08
2022-01-21 17:00:00 UTC,17.39,24.57,25.70,18433.60,0.02,852.95,,24.55
2022-01-21 17:10:00 UTC,17.62,24.27,25.06,18265.60,0.02,852.89,,24.19
2022-01-21 17:20:00 UTC,14.87,22.69,23.58,18265.60,0.02,852.69,,22.56
2022-01-21 17:30:00 UTC,17.32,25.42,26.42,18332.80,0.02,852.58,,24.82
2022-01-21 17:40:00 UTC,16.28,25.02,26.94,18265.60,0.02,852.50,,24.56
2022-01-21 17:50:00 UTC,9.03,19.22,19.94,18299.20,0.02,852.29,,19.22
2022-01-21 18:00:00 UTC,11.07,20.28,20.96,18232.00,0.02,852.13,,20.16
2022-01-21 18:10:00 UTC,9.53,19.48,20.23,18344.00,0.02,851.78,,19.48
2022-01-21 18:20:00 UTC,8.51,18.48,19.25,18467.20,0.02,851.67,,18.48
2022-01-21 18:30:00 UTC,7.93,17.28,17.84,18232.00,0.02,851.55,,17.28
2022-01-21 18:40:00 UTC,7.89,16.46,17.32,18332.80,0.02,851.34,,16.46
2022-01-21 18:50:00 UTC,7.34,14.99,16.08,18288.00,0.02,851.20,,14.99,
2022-01-25 18:50:00 UTC,1.50,2.75,3.20,18768.00,0.01,852.42,,2.75
2022-01-25 19:00:00 UTC,20.28,30.38,31.57,18568.00,0.02,852.36,,29.64,
2022-02-15 14:00:00 UTC,16.79,25.38,26.06,19448.00,0.02,856.49,,25.38
2022-02-15 14:10:00 UTC,,,,,,,,
2022-02-15 14:20:00 UTC,,,,,,,,
2022-02-15 14:30:00 UTC,,,,,,,,
2022-02-15 14:40:00 UTC,15.30,22.74,24.40,18372.00,0.02,856.26,,22.74
2022-02-15 14:50:00 UTC,15.82,24.02,26.96,18824.00,0.02,856.20,,24.02