created_at,>=0.3um/dl,>=0.5um/dl,>1.0um/dl,>=2.5um/dl,>=5.0um/dl,>=10.0um/dl,PM1.0_ATM_ug/m3,PM10_ATM_ug/m3,
2021-09-13 22:40:00 UTC,315.84,251.98,3.04,0.00,0.00,0.00,0.33,2.85
2021-09-13 22:50:00 UTC,311.41,247.99,2.50,0.00,0.00,0.00,0.00,2.82
2021-09-13 23:00:00 UTC,215.58,167.53,0.21,0.00,0.00,0.00,0.02,0.94
2021-09-13 23:10:00 UTC,17253.91,16278.81,8300.07,1515.36,358.41,284.49,178.94,789.42
2021-09-13 23:20:00 UTC,19514.86,18089.71,8025.25,1266.76,272.42,210.96,212.35,745.35
2021-09-13 23:30:00 UTC,17078.71,15484.31,5982.07,836.68,146.42,90.44,188.94,555.79
2021-09-13 23:40:00 UTC,14835.48,13231.10,4720.94,628.49,90.73,58.33,164.18,444.09
2021-09-13 23:50:00 UTC,13089.84,11556.79,3868.93,488.50,60.35,38.54,144.87,367.02,
2021-09-14 00:00:00 UTC,11297.76,9893.50,3156.12,378.61,36.01,18.25,125.00,299.92
2021-09-14 00:10:00 UTC,9640.64,8378.06,2581.88,298.00,15.49,5.70,105.63,246.92
2021-09-14 00:20:00 UTC,8178.93,7066.40,2098.69,232.16,4.87,1.66,89.82,201.47
2021-09-14 00:30:00 UTC,6907.90,5953.92,1724.14,186.00,0.54,0.18,75.27,165.54
2021-09-14 00:40:00 UTC,5787.64,4956.53,1394.34,109.54,0.02,0.02,62.40,134.36
2021-09-14 00:50:00 UTC,4859.65,4139.68,1138.30,79.96,0.09,0.05,51.91,110.37
2021-09-14 01:00:00 UTC,4099.01,3482.41,944.61,61.90,0.00,0.00,43.88,90.71
2021-09-14 01:10:00 UTC,3430.22,2899.57,769.53,40.06,0.00,0.00,36.12,76.30
2021-09-14 01:20:00 UTC,2822.58,2379.37,636.79,23.29,0.00,0.00,31.42,68.78
2021-09-14 01:30:00 UTC,2233.46,1882.83,481.84,7.91,0.00,0.00,27.94,59.78
2021-09-14 01:40:00 UTC,1856.09,1564.15,392.51,0.71,0.00,0.00,24.75,51.99
2021-09-14 01:50:00 UTC,1563.29,1316.14,331.25,0.26,0.00,0.00,22.32,46.53
2021-09-14 02:00:00 UTC,1298.24,1090.84,276.54,0.05,0.00,0.00,20.08,40.66
2021-09-14 02:10:00 UTC,1065.54,900.60,226.93,0.11,0.00,0.00,16.98,33.27
2021-09-14 02:20:00 UTC,886.07,738.41,181.75,0.03,0.00,0.00,10.37,27.20
2021-09-14 02:30:00 UTC,729.58,614.22,118.35,0.00,0.00,0.00,7.68,22.29
2021-09-14 02:40:00 UTC,595.38,496.22,88.72,0.00,0.00,0.00,5.40,17.61
2021-09-14 02:50:00 UTC,489.60,406.15,62.81,0.00,0.00,0.00,3.90,10.94
2021-09-14 03:00:00 UTC,395.30,331.18,42.35,0.00,0.00,0.00,2.30,7.21
2021-09-14 03:10:00 UTC,319.20,267.32,29.94,0.00,0.00,0.00,1.22,5.21
2021-09-14 03:20:00 UTC,261.22,221.81,7.32,0.00,0.00,0.00,0.16,3.28
2021-09-14 03:30:00 UTC,220.18,182.24,1.71,0.00,0.00,0.00,0.00,1.65
2021-09-14 03:40:00 UTC,188.35,136.04,0.62,0.00,0.00,0.00,0.00,0.47
2021-09-14 03:50:00 UTC,144.16,99.57,0.80,0.00,0.00,0.00,0.00,0.11
2021-09-14 04:00:00 UTC,115.65,82.93,0.05,0.00,0.00,0.00,0.00,0.00
2021-09-14 04:10:00 UTC,98.47,74.79,0.00,0.00,0.00,0.00,0.00,0.00
2021-09-14 04:20:00 UTC,84.31,65.18,0.04,0.00,0.00,0.00,0.00,0.00
2021-09-14 04:30:00 UTC,77.90,58.92,0.00,0.00,0.00,0.00,0.00,0.00
2021-09-14 04:40:00 UTC,66.22,46.57,0.00,0.00,0.00,0.00,0.00,0.00
2021-09-14 04:50:00 UTC,61.09,46.24,0.03,0.00,0.00,0.00,0.00,0.00
2021-09-14 05:00:00 UTC,61.80,44.00,0.00,0.00,0.00,0.00,0.00,0.00
2021-09-14 05:10:00 UTC,58.08,41.98,0.00,0.00,0.00,0.00,0.00,0.00
2021-09-14 05:20:00 UTC,59.66,43.83,0.00,0.00,0.00,0.00,0.00,0.00
2021-09-14 05:30:00 UTC,59.11,39.69,0.00,0.00,0.00,0.00,0.00,0.00
2021-09-14 05:40:00 UTC,57.21,39.72,0.00,0.00,0.00,0.00,0.00,0.00
2021-09-14 05:50:00 UTC,60.58,40.39,0.00,0.00,0.00,0.00,0.00,0.00
2021-09-14 06:00:00 UTC,53.21,36.52,0.00,0.00,0.00,0.00,0.00,0.03
2021-09-14 06:10:00 UTC,60.06,41.10,0.00,0.00,0.00,0.00,0.00,0.00
2021-09-14 06:20:00 UTC,53.50,38.03,0.00,0.00,0.00,0.00,0.00,0.00
2021-09-14 06:30:00 UTC,55.45,36.83,0.00,0.00,0.00,0.00,0.00,0.00
2021-09-14 06:40:00 UTC,51.01,31.82,0.00,0.00,0.00,0.00,0.00,0.00
2021-09-14 06:50:00 UTC,53.33,35.55,0.00,0.00,0.00,0.00,0.00,0.00
2021-09-14 07:00:00 UTC,55.00,35.55,0.00,0.00,0.00,0.00,0.00,0.00
2021-09-14 07:10:00 UTC,53.13,34.48,0.05,0.00,0.00,0.00,0.00,0.00
2021-09-14 07:20:00 UTC,54.00,35.96,0.00,0.00,0.00,0.00,0.00,0.00
2021-09-14 07:30:00 UTC,54.97,36.58,0.00,0.00,0.00,0.00,0.00,0.00
2021-09-14 07:40:00 UTC,57.27,35.69,0.00,0.00,0.00,0.00,0.00,0.02
2021-09-14 07:50:00 UTC,49.40,33.18,0.00,0.00,0.00,0.00,0.00,0.00
2021-09-14 08:00:00 UTC,51.83,37.41,0.00,0.00,0.00,0.00,0.00,0.00
2021-09-14 08:10:00 UTC,52.96,33.12,0.00,0.00,0.00,0.00,0.00,0.00
2021-09-14 08:20:00 UTC,49.35,30.34,0.00,0.00,0.00,0.00,0.00,0.00
2021-09-14 08:30:00 UTC,48.05,27.81,0.00,0.00,0.00,0.00,0.00,0.00
2021-09-14 08:40:00 UTC,48.18,25.00,0.00,0.00,0.00,0.00,0.00,0.00
2021-09-14 08:50:00 UTC,49.62,35.01,0.00,0.00,0.00,0.00,0.00,0.00
2021-09-14 09:00:00 UTC,48.32,31.11,0.00,0.00,0.00,0.00,0.00,0.00
2021-09-14 09:10:00 UTC,49.27,28.37,0.00,0.00,0.00,0.00,0.00,0.00
2021-09-14 09:20:00 UTC,55.87,38.67,0.00,0.00,0.00,0.00,0.00,0.00
2021-09-14 09:30:00 UTC,64.89,47.08,0.00,0.00,0.00,0.00,0.00,0.02
2021-09-14 09:40:00 UTC,70.60,52.84,0.00,0.00,0.00,0.00,0.00,0.04
2021-09-14 09:50:00 UTC,70.25,52.32,0.04,0.00,0.00,0.00,0.00,0.00
2021-09-14 10:00:00 UTC,65.59,47.36,0.00,0.00,0.00,0.00,0.00,0.00
2021-09-14 10:10:00 UTC,67.51,46.25,0.19,0.00,0.00,0.00,0.00,0.00
2021-09-14 10:20:00 UTC,71.51,51.78,0.00,0.00,0.00,0.00,0.00,0.00
2021-09-14 10:30:00 UTC,72.74,53.45,0.00,0.00,0.00,0.00,0.00,0.00
2021-09-14 10:40:00 UTC,72.41,54.68,0.00,0.00,0.00,0.00,0.00,0.00
2021-09-14 10:50:00 UTC,73.17,54.75,0.00,0.00,0.00,0.00,0.00,0.00
2021-09-14 11:00:00 UTC,68.78,50.28,0.00,0.00,0.00,0.00,0.00,0.01
2021-09-14 11:10:00 UTC,60.93,42.90,0.00,0.00,0.00,0.00,0.00,0.00
2021-09-14 11:20:00 UTC,61.56,45.39,0.00,0.00,0.00,0.00,0.00,0.00
2021-09-14 11:30:00 UTC,59.04,40.70,0.00,0.00,0.00,0.00,0.00,0.00
2021-09-14 11:40:00 UTC,66.37,47.32,0.00,0.00,0.00,0.00,0.00,0.00
2021-09-14 11:50:00 UTC,63.16,44.88,0.00,0.00,0.00,0.00,0.00,0.00
2021-09-14 12:00:00 UTC,69.07,45.69,0.00,0.00,0.00,0.00,0.00,0.00
2021-09-14 12:10:00 UTC,74.46,51.27,0.00,0.00,0.00,0.00,0.00,0.00
2021-09-14 12:20:00 UTC,73.83,54.47,0.00,0.00,0.00,0.00,0.00,0.00
2021-09-14 12:30:00 UTC,74.42,52.32,0.00,0.00,0.00,0.00,0.00,0.00
2021-09-14 12:40:00 UTC,67.43,49.04,0.00,0.00,0.00,0.00,0.00,0.01
2021-09-14 12:50:00 UTC,72.12,53.30,0.00,0.00,0.00,0.00,0.00,0.00
2021-09-14 13:00:00 UTC,74.13,55.72,0.00,0.00,0.00,0.00,0.00,0.00
2021-09-14 13:10:00 UTC,70.89,51.60,0.00,0.00,0.00,0.00,0.00,0.00
2021-09-14 13:20:00 UTC,68.39,48.31,0.00,0.00,0.00,0.00,0.00,0.00
2021-09-14 13:30:00 UTC,65.17,47.12,0.00,0.00,0.00,0.00,0.00,0.00
2021-09-14 13:40:00 UTC,62.79,44.24,0.04,0.00,0.00,0.00,0.00,0.01
2021-09-14 13:50:00 UTC,68.04,49.10,0.04,0.00,0.00,0.00,0.00,0.02
2021-09-14 14:00:00 UTC,70.05,50.77,0.00,0.00,0.00,0.00,0.00,0.03
2021-09-14 14:10:00 UTC,69.79,52.95,0.00,0.00,0.00,0.00,0.00,0.00
2021-09-14 14:20:00 UTC,85.23,61.18,0.00,0.00,0.00,0.00,0.00,0.11
2021-09-14 14:30:00 UTC,85.77,63.91,0.00,0.00,0.00,0.00,0.00,0.14
2021-09-14 14:40:00 UTC,85.95,63.79,0.03,0.00,0.00,0.00,0.00,0.06
2021-09-14 14:50:00 UTC,85.11,62.57,0.00,0.00,0.00,0.00,0.00,0.04
2021-09-14 15:00:00 UTC,87.40,65.71,0.00,0.00,0.00,0.00,0.00,0.00
2021-09-14 15:10:00 UTC,88.43,66.86,0.02,0.00,0.00,0.00,0.00,0.00
2021-09-14 15:20:00 UTC,95.26,71.68,0.00,0.00,0.00,0.00,0.00,0.00
2021-09-14 15:30:00 UTC,112.97,82.04,0.10,0.00,0.00,0.00,0.00,0.06
2021-09-14 15:40:00 UTC,113.91,84.99,0.07,0.00,0.00,0.00,0.00,0.03
2021-09-14 15:50:00 UTC,133.23,94.59,0.00,0.00,0.00,0.00,0.00,0.00
2021-09-14 16:00:00 UTC,131.73,93.54,0.09,0.00,0.00,0.00,0.00,0.07
2021-09-14 16:10:00 UTC,134.24,90.78,0.06,0.00,0.00,0.00,0.00,0.00
2021-09-14 16:20:00 UTC,134.68,94.59,0.23,0.00,0.00,0.00,0.00,0.09
2021-09-14 16:30:00 UTC,148.12,98.50,0.12,0.00,0.00,0.00,0.00,0.03
2021-09-14 16:40:00 UTC,140.24,96.85,0.24,0.00,0.00,0.00,0.00,0.08
2021-09-14 16:50:00 UTC,143.53,100.18,0.23,0.00,0.00,0.00,0.00,0.08
2021-09-14 17:00:00 UTC,123.91,88.45,0.11,0.00,0.00,0.00,0.00,0.04
2021-09-14 17:10:00 UTC,100.16,76.37,0.00,0.00,0.00,0.00,0.00,0.01
2021-09-14 17:20:00 UTC,89.15,69.11,0.00,0.00,0.00,0.00,0.00,0.01
2021-09-14 17:30:00 UTC,87.05,67.52,0.07,0.00,0.00,0.00,0.00,0.02
2021-09-14 17:40:00 UTC,79.02,59.99,0.00,0.00,0.00,0.00,0.00,0.00
2021-09-14 17:50:00 UTC,69.98,55.17,0.00,0.00,0.00,0.00,0.00,0.00
2021-09-14 18:00:00 UTC,76.31,59.64,0.02,0.00,0.00,0.00,0.00,0.00
2021-09-14 18:10:00 UTC,94.87,73.78,0.00,0.00,0.00,0.00,0.00,0.00
2021-09-14 18:20:00 UTC,106.25,79.63,0.00,0.00,0.00,0.00,0.00,0.04
2021-09-14 18:30:00 UTC,113.85,84.53,0.12,0.00,0.00,0.00,0.00,0.00
2021-09-14 18:40:00 UTC,95.76,71.79,0.00,0.00,0.00,0.00,0.00,0.01
2021-09-14 18:50:00 UTC,84.96,64.61,0.00,0.00,0.00,0.00,0.00,0.00
2021-09-14 19:00:00 UTC,77.89,58.81,0.04,0.00,0.00,0.00,0.00,0.00
2021-09-14 19:10:00 UTC,79.70,59.66,0.00,0.00,0.00,0.00,0.00,0.00
2021-09-14 19:20:00 UTC,84.15,61.79,0.12,0.00,0.00,0.00,0.00,0.00
2021-09-14 19:30:00 UTC,84.33,63.77,0.05,0.00,0.00,0.00,0.00,0.00
2021-09-14 19:40:00 UTC,85.65,65.67,0.00,0.00,0.00,0.00,0.00,0.01
2021-09-14 19:50:00 UTC,84.62,62.91,0.12,0.00,0.00,0.00,0.00,0.02
2021-09-14 20:00:00 UTC,84.36,61.84,0.00,0.00,0.00,0.00,0.00,0.00
2021-09-14 20:10:00 UTC,85.17,63.66,0.00,0.00,0.00,0.00,0.00,0.01
2021-09-14 20:20:00 UTC,82.66,61.77,0.14,0.00,0.00,0.00,0.00,0.00
2021-09-14 20:30:00 UTC,97.76,74.55,0.05,0.00,0.00,0.00,0.00,0.00
2021-09-14 20:40:00 UTC,140.71,98.68,0.02,0.00,0.00,0.00,0.00,0.39
2021-09-14 20:50:00 UTC,188.26,135.36,0.29,0.00,0.00,0.00,0.00,0.72
2021-09-14 21:00:00 UTC,202.74,156.55,0.26,0.00,0.00,0.00,0.00,0.45
2021-09-14 21:10:00 UTC,233.30,196.46,1.45,0.00,0.00,0.00,0.00,1.57
2021-09-14 21:20:00 UTC,223.26,183.45,0.75,0.00,0.00,0.00,0.00,1.34
2021-09-14 21:30:00 UTC,191.09,142.53,0.38,0.00,0.00,0.00,0.00,0.64
2021-09-14 21:40:00 UTC,180.35,124.14,0.27,0.00,0.00,0.00,0.00,0.60
2021-09-14 21:50:00 UTC,170.28,120.51,0.13,0.00,0.00,0.00,0.00,0.55
2021-09-14 22:00:00 UTC,150.12,101.57,0.39,0.00,0.00,0.00,0.00,0.03
2021-09-14 22:10:00 UTC,129.22,93.98,0.51,0.00,0.00,0.00,0.00,0.16
2021-09-14 22:20:00 UTC,117.07,89.58,0.24,0.00,0.00,0.00,0.00,0.04
2021-09-14 22:30:00 UTC,109.90,83.53,0.00,0.00,0.00,0.00,0.00,0.06
2021-09-14 22:40:00 UTC,124.97,92.34,0.03,0.00,0.00,0.00,0.00,0.43
2021-09-14 22:50:00 UTC,189.41,141.05,0.73,0.00,0.00,0.00,0.00,0.91
2021-09-14 23:00:00 UTC,217.80,177.52,0.64,0.00,0.00,0.00,0.00,0.94
2021-09-14 23:10:00 UTC,240.68,200.99,1.88,0.00,0.00,0.00,0.00,1.36
2021-09-14 23:20:00 UTC,230.30,186.75,2.56,0.00,0.00,0.00,0.03,1.97
2021-09-14 23:30:00 UTC,201.28,162.27,0.72,0.00,0.00,0.00,0.00,1.64
2021-09-14 23:40:00 UTC,171.53,113.72,0.38,0.00,0.00,0.00,0.00,1.02
2021-09-14 23:50:00 UTC,141.84,97.92,0.04,0.00,0.00,0.00,0.00,0.27,
2021-09-15 00:00:00 UTC,126.75,93.45,0.05,0.00,0.00,0.00,0.00,0.06
2021-09-15 00:10:00 UTC,110.00,81.95,0.00,0.00,0.00,0.00,0.00,0.01
2021-09-15 00:20:00 UTC,103.23,76.57,0.00,0.00,0.00,0.00,0.00,0.03
2021-09-15 00:30:00 UTC,94.49,69.13,0.00,0.00,0.00,0.00,0.00,0.00
2021-09-15 00:40:00 UTC,88.22,66.00,0.10,0.00,0.00,0.00,0.00,0.02
2021-09-15 00:50:00 UTC,77.49,59.50,0.00,0.00,0.00,0.00,0.00,0.00
2021-09-15 01:00:00 UTC,76.59,61.01,0.00,0.00,0.00,0.00,0.00,0.00
2021-09-15 01:10:00 UTC,78.47,60.84,0.02,0.00,0.00,0.00,0.00,0.00
2021-09-15 01:20:00 UTC,70.68,55.20,0.00,0.00,0.00,0.00,0.00,0.00
2021-09-15 01:30:00 UTC,77.94,57.07,0.00,0.00,0.00,0.00,0.00,0.00
2021-09-15 01:40:00 UTC,94.50,74.59,0.00,0.00,0.00,0.00,0.00,0.05
2021-09-15 01:50:00 UTC,94.84,71.94,0.00,0.00,0.00,0.00,0.00,0.14
2021-09-15 02:00:00 UTC,107.56,81.01,0.16,0.00,0.00,0.00,0.00,0.14
2021-09-15 02:10:00 UTC,127.39,94.72,0.19,0.00,0.00,0.00,0.00,0.07
2021-09-15 02:20:00 UTC,132.56,94.96,0.30,0.00,0.00,0.00,0.00,0.13
2021-09-15 02:30:00 UTC,163.89,109.96,0.28,0.00,0.00,0.00,0.00,0.15
2021-09-15 02:40:00 UTC,183.88,127.68,0.45,0.00,0.00,0.00,0.00,0.54
2021-09-15 02:50:00 UTC,200.66,150.27,0.51,0.00,0.00,0.00,0.00,0.38
2021-09-15 03:00:00 UTC,215.41,169.38,1.72,0.00,0.00,0.00,0.00,0.97
2021-09-15 03:10:00 UTC,209.89,170.91,1.68,0.00,0.00,0.00,0.00,0.85
2021-09-15 03:20:00 UTC,224.65,185.68,1.19,0.00,0.00,0.00,0.00,0.87
2021-09-15 03:30:00 UTC,219.34,183.40,2.11,0.00,0.00,0.00,0.00,1.31
2021-09-15 03:40:00 UTC,218.80,181.22,2.90,0.00,0.00,0.00,0.00,1.37
2021-09-15 03:50:00 UTC,210.36,167.39,0.87,0.00,0.00,0.00,0.00,0.84
2021-09-15 04:00:00 UTC,204.54,163.91,0.53,0.00,0.00,0.00,0.00,1.01
2021-09-15 04:10:00 UTC,202.09,160.24,1.12,0.00,0.00,0.00,0.00,0.87
2021-09-15 04:20:00 UTC,198.09,152.84,1.52,0.00,0.00,0.00,0.00,0.70
2021-09-15 04:30:00 UTC,203.78,157.29,1.35,0.00,0.00,0.00,0.00,0.85
2021-09-15 04:40:00 UTC,203.40,168.30,0.83,0.00,0.00,0.00,0.00,0.79
2021-09-15 04:50:00 UTC,207.76,166.25,1.85,0.00,0.00,0.00,0.00,1.33
2021-09-15 05:00:00 UTC,201.49,158.51,1.23,0.00,0.00,0.00,0.00,0.59
2021-09-15 05:10:00 UTC,210.78,172.35,1.96,0.00,0.00,0.00,0.00,0.91
2021-09-15 05:20:00 UTC,208.92,163.57,0.53,0.00,0.00,0.00,0.00,0.92
2021-09-15 05:30:00 UTC,197.52,147.49,0.28,0.00,0.00,0.00,0.00,0.74
2021-09-15 05:40:00 UTC,193.83,142.13,0.55,0.00,0.00,0.00,0.00,0.57
2021-09-15 05:50:00 UTC,187.01,131.95,0.82,0.00,0.00,0.00,0.00,0.35
2021-09-15 06:00:00 UTC,189.48,147.38,0.83,0.00,0.00,0.00,0.00,0.72
2021-09-15 06:10:00 UTC,193.99,138.77,0.82,0.00,0.00,0.00,0.00,0.36
2021-09-15 06:20:00 UTC,196.09,151.22,0.80,0.00,0.00,0.00,0.00,0.68
2021-09-15 06:30:00 UTC,187.58,133.91,0.99,0.00,0.00,0.00,0.00,0.39
2021-09-15 06:40:00 UTC,197.96,146.12,1.25,0.00,0.00,0.00,0.00,0.74
2021-09-15 06:50:00 UTC,197.76,149.98,0.19,0.00,0.00,0.00,0.00,0.64
2021-09-15 07:00:00 UTC,210.02,173.23,0.54,0.00,0.00,0.00,0.00,0.55
2021-09-15 07:10:00 UTC,216.08,178.90,1.20,0.00,0.00,0.00,0.00,1.10
2021-09-15 07:20:00 UTC,222.57,184.54,2.71,0.00,0.00,0.00,0.00,1.28
2021-09-15 07:30:00 UTC,232.36,190.47,2.13,0.00,0.00,0.00,0.00,2.09
2021-09-15 07:40:00 UTC,228.01,191.91,1.75,0.00,0.00,0.00,0.00,1.60
2021-09-15 07:50:00 UTC,226.91,192.92,3.12,0.00,0.00,0.00,0.00,1.39
2021-09-15 08:00:00 UTC,215.78,181.25,1.69,0.00,0.00,0.00,0.00,0.93
2021-09-15 08:10:00 UTC,218.02,178.02,1.30,0.00,0.00,0.00,0.00,1.14
2021-09-15 08:20:00 UTC,215.50,172.07,1.16,0.00,0.00,0.00,0.00,1.59
2021-09-15 08:30:00 UTC,211.51,175.18,1.40,0.00,0.00,0.00,0.00,1.13
2021-09-15 08:40:00 UTC,217.80,176.00,0.93,0.00,0.00,0.00,0.00,1.12
2021-09-15 08:50:00 UTC,212.59,173.47,0.58,0.00,0.00,0.00,0.00,0.76
2021-09-15 09:00:00 UTC,209.19,167.84,1.11,0.00,0.00,0.00,0.00,0.86
2021-09-15 09:10:00 UTC,216.99,178.98,1.85,0.00,0.00,0.00,0.00,0.97
2021-09-15 09:20:00 UTC,214.14,176.32,0.70,0.00,0.00,0.00,0.00,1.28
2021-09-15 09:30:00 UTC,209.23,170.89,1.11,0.00,0.00,0.00,0.00,1.18
2021-09-15 09:40:00 UTC,201.17,159.65,1.32,0.00,0.00,0.00,0.00,0.72
2021-09-15 09:50:00 UTC,211.63,168.17,1.70,0.00,0.00,0.00,0.00,0.86
2021-09-15 10:00:00 UTC,208.36,168.50,1.32,0.00,0.00,0.00,0.00,0.77
2021-09-15 10:10:00 UTC,210.24,171.86,0.99,0.00,0.00,0.00,0.00,0.91
2021-09-15 10:20:00 UTC,205.33,162.69,0.74,0.00,0.00,0.00,0.00,0.93
2021-09-15 10:30:00 UTC,193.90,143.46,1.37,0.00,0.00,0.00,0.00,0.68
2021-09-15 10:40:00 UTC,193.95,147.69,1.26,0.00,0.00,0.00,0.00,0.54
2021-09-15 10:50:00 UTC,190.46,138.67,0.54,0.00,0.00,0.00,0.00,0.45
2021-09-15 11:00:00 UTC,192.69,134.89,0.61,0.00,0.00,0.00,0.00,0.41
2021-09-15 11:10:00 UTC,189.53,136.08,0.45,0.00,0.00,0.00,0.00,0.43
2021-09-15 11:20:00 UTC,204.49,152.93,0.30,0.00,0.00,0.00,0.00,0.98
2021-09-15 11:30:00 UTC,213.62,178.39,3.25,0.00,0.00,0.00,0.00,1.31
2021-09-15 11:40:00 UTC,227.84,191.55,2.99,0.00,0.00,0.00,0.00,1.32
2021-09-15 11:50:00 UTC,226.43,191.71,1.18,0.00,0.00,0.00,0.00,1.43
2021-09-15 12:00:00 UTC,225.84,184.98,1.36,0.00,0.00,0.00,0.00,1.05
2021-09-15 12:10:00 UTC,224.01,188.94,2.05,0.00,0.00,0.00,0.00,1.29
2021-09-15 12:20:00 UTC,215.43,177.09,0.95,0.00,0.00,0.00,0.00,1.81
2021-09-15 12:30:00 UTC,200.53,153.09,1.05,0.00,0.00,0.00,0.00,1.00
2021-09-15 12:40:00 UTC,202.84,161.10,0.44,0.00,0.00,0.00,0.00,0.79
2021-09-15 12:50:00 UTC,201.15,155.71,2.09,0.00,0.00,0.00,0.00,0.91
2021-09-15 13:00:00 UTC,200.23,150.96,1.34,0.00,0.00,0.00,0.00,0.82
2021-09-15 13:10:00 UTC,189.80,139.78,0.54,0.00,0.00,0.00,0.00,0.43
2021-09-15 13:20:00 UTC,195.49,146.08,0.81,0.00,0.00,0.00,0.00,0.42
2021-09-15 13:30:00 UTC,192.78,146.19,1.01,0.00,0.00,0.00,0.00,0.54
2021-09-15 13:40:00 UTC,192.46,136.23,0.74,0.00,0.00,0.00,0.00,0.57
2021-09-15 13:50:00 UTC,189.13,136.94,0.23,0.00,0.00,0.00,0.00,0.38
2021-09-15 14:00:00 UTC,199.92,150.19,0.78,0.00,0.00,0.00,0.00,0.55
2021-09-15 14:10:00 UTC,195.80,149.52,0.31,0.00,0.00,0.00,0.00,0.60
2021-09-15 14:20:00 UTC,197.36,146.95,0.69,0.00,0.00,0.00,0.00,0.57
2021-09-15 14:30:00 UTC,194.65,144.45,0.46,0.00,0.00,0.00,0.00,0.69
2021-09-15 14:40:00 UTC,193.73,139.11,0.71,0.00,0.00,0.00,0.00,1.17
2021-09-15 14:50:00 UTC,188.60,140.29,0.46,0.00,0.00,0.00,0.00,1.34
2021-09-15 15:00:00 UTC,193.35,144.59,0.60,0.00,0.00,0.00,0.00,1.13
2021-09-15 15:10:00 UTC,189.69,133.58,0.40,0.00,0.00,0.00,0.00,0.73
2021-09-15 15:20:00 UTC,,,,,,,,
2021-09-15 15:30:00 UTC,,,,,,,,
2021-09-15 15:40:00 UTC,,,,,,,,
2021-09-15 15:50:00 UTC,,,,,,,,
2021-09-15 16:00:00 UTC,,,,,,,,
2021-09-15 16:10:00 UTC,,,,,,,,
2021-09-15 16:20:00 UTC,,,,,,,,
2021-09-15 16:30:00 UTC,,,,,,,,
2021-09-15 16:40:00 UTC,,,,,,,,
2021-09-15 16:50:00 UTC,,,,,,,,
2021-09-15 17:00:00 UTC,,,,,,,,
2021-09-15 17:10:00 UTC,,,,,,,,
2021-09-15 17:20:00 UTC,,,,,,,,
2021-09-15 17:30:00 UTC,,,,,,,,
2021-09-15 17:40:00 UTC,,,,,,,,
2021-09-15 17:50:00 UTC,,,,,,,,
2021-09-15 18:00:00 UTC,,,,,,,,
2021-09-15 18:10:00 UTC,,,,,,,,
2021-09-15 18:20:00 UTC,,,,,,,,
2021-09-15 18:30:00 UTC,,,,,,,,
2021-09-15 18:40:00 UTC,,,,,,,,
2021-09-15 18:50:00 UTC,,,,,,,,
2021-09-15 19:00:00 UTC,,,,,,,,
2021-09-15 19:10:00 UTC,,,,,,,,
2021-09-15 19:20:00 UTC,,,,,,,,
2021-09-15 19:30:00 UTC,,,,,,,,
2021-09-15 19:40:00 UTC,,,,,,,,
2021-09-15 19:50:00 UTC,,,,,,,,
2021-09-15 20:00:00 UTC,,,,,,,,
2021-09-15 20:10:00 UTC,,,,,,,,
2021-09-15 20:20:00 UTC,426.00,361.03,46.48,0.00,0.00,0.00,2.58,7.01
2021-09-15 20:30:00 UTC,388.59,325.35,27.80,0.00,0.00,0.00,1.64,5.57
2021-09-15 20:40:00 UTC,418.82,354.08,41.21,0.00,0.00,0.00,2.46,6.85
2021-09-15 20:50:00 UTC,5593.44,5010.71,1900.97,302.52,65.81,42.71,58.29,187.37
2021-09-15 21:00:00 UTC,9215.82,8089.79,2758.60,377.05,44.24,26.34,99.83,267.37
2021-09-15 21:10:00 UTC,6771.97,5870.90,1823.69,219.80,4.62,2.67,73.04,176.16
2021-09-15 21:20:00 UTC,4878.44,4183.29,1229.90,105.22,0.12,0.03,52.29,117.60
2021-09-15 21:30:00 UTC,3680.61,3129.62,867.66,51.80,0.02,0.02,38.91,84.01
2021-09-15 21:40:00 UTC,2909.13,2475.23,668.46,21.91,0.00,0.00,32.21,70.64
2021-09-15 21:50:00 UTC,1834.61,1540.27,391.44,3.02,0.00,0.00,24.48,51.04
2021-09-15 22:00:00 UTC,770.23,652.46,137.83,0.00,0.00,0.00,8.56,22.61
2021-09-15 22:10:00 UTC,394.92,334.97,40.24,0.00,0.00,0.00,2.06,6.30
2021-09-15 22:20:00 UTC,311.82,256.66,10.41,0.00,0.00,0.00,0.37,3.54
2021-09-15 22:30:00 UTC,281.30,237.16,10.60,0.00,0.00,0.00,0.09,3.02
2021-09-15 22:40:00 UTC,269.93,225.54,5.64,0.00,0.00,0.00,0.03,2.43
2021-09-15 22:50:00 UTC,283.70,235.51,6.90,0.00,0.00,0.00,0.27,3.41,
2022-01-17 17:00:00 UTC,1589.23,1304.81,243.32,0.04,0.00,0.00,22.38,38.45
2022-01-17 17:10:00 UTC,1195.84,990.07,188.99,0.00,0.00,0.00,18.55,30.17
2022-01-17 17:20:00 UTC,1037.55,855.55,161.87,0.00,0.00,0.00,15.29,25.95
2022-01-17 17:30:00 UTC,923.70,764.12,131.87,0.00,0.00,0.00,11.84,23.61
2022-01-17 17:40:00 UTC,936.77,780.34,128.94,0.00,0.00,0.00,12.19,23.82
2022-01-17 17:50:00 UTC,922.55,762.47,121.46,0.00,0.00,0.00,10.67,22.92
2022-01-17 18:00:00 UTC,916.59,761.43,125.28,0.00,0.00,0.00,11.12,23.18
2022-01-17 18:10:00 UTC,907.37,752.76,121.80,0.00,0.00,0.00,10.77,22.25
2022-01-17 18:20:00 UTC,876.32,721.98,107.31,0.00,0.00,0.00,9.77,21.93
2022-01-17 18:30:00 UTC,854.93,706.43,100.57,0.00,0.00,0.00,9.57,21.05
2022-01-17 18:40:00 UTC,828.14,684.91,97.31,0.00,0.00,0.00,8.76,20.45
2022-01-17 18:50:00 UTC,818.80,672.08,91.58,0.00,0.00,0.00,8.60,20.06
2022-01-17 19:00:00 UTC,849.65,700.74,94.81,0.00,0.00,0.00,9.56,21.09
2022-01-17 19:10:00 UTC,819.11,676.73,95.43,0.00,0.00,0.00,8.50,19.67
2022-01-17 19:20:00 UTC,799.16,651.65,86.94,0.00,0.00,0.00,8.25,19.15
2022-01-17 19:30:00 UTC,798.50,659.48,85.68,0.00,0.00,0.00,8.48,19.86,
2022-01-18 21:30:00 UTC,1007.68,823.50,120.81,0.00,0.00,0.00,13.66,24.36
2022-01-18 21:40:00 UTC,992.17,812.55,128.10,0.00,0.00,0.00,13.54,24.15
2022-01-18 21:50:00 UTC,942.57,776.49,107.51,0.00,0.00,0.00,12.79,22.41
2022-01-18 22:00:00 UTC,974.23,796.41,101.59,0.00,0.00,0.00,12.16,23.28
2022-01-18 22:10:00 UTC,13518.92,11886.38,2219.90,31.90,0.32,0.18,175.20,237.19
2022-01-18 22:20:00 UTC,2509.57,2000.51,244.18,0.00,0.00,0.00,30.35,45.63
2022-01-18 22:30:00 UTC,874.19,712.39,85.58,0.00,0.00,0.00,9.98,20.12
2022-01-18 22:40:00 UTC,857.59,691.74,88.67,0.00,0.00,0.00,9.40,19.92
2022-01-18 22:50:00 UTC,854.06,690.69,88.09,0.00,0.00,0.00,9.10,20.13
2022-01-18 23:00:00 UTC,861.23,700.09,89.11,0.00,0.00,0.00,9.19,20.29
2022-01-18 23:10:00 UTC,859.02,696.53,82.32,0.00,0.00,0.00,9.23,19.70
2022-01-18 23:20:00 UTC,875.47,707.30,89.16,0.00,0.00,0.00,9.65,20.69
2022-01-18 23:30:00 UTC,869.33,705.48,84.48,0.00,0.00,0.00,9.13,20.56
2022-01-18 23:40:00 UTC,881.64,715.26,91.05,0.00,0.00,0.00,9.52,20.88
2022-01-18 23:50:00 UTC,866.33,704.89,86.43,0.00,0.00,0.00,9.74,20.51,
2022-01-19 00:00:00 UTC,872.93,711.05,88.83,0.00,0.00,0.00,9.93,20.97
2022-01-19 00:10:00 UTC,871.32,707.28,89.83,0.00,0.00,0.00,9.70,21.29
2022-01-19 00:20:00 UTC,858.92,695.49,84.48,0.00,0.00,0.00,9.43,20.24
2022-01-19 00:30:00 UTC,863.49,700.35,86.56,0.00,0.00,0.00,9.25,20.67
2022-01-19 00:40:00 UTC,843.73,682.77,81.31,0.00,0.00,0.00,9.07,19.51
2022-01-19 00:50:00 UTC,830.18,676.84,81.70,0.00,0.00,0.00,8.61,19.33
2022-01-19 01:00:00 UTC,829.51,677.88,86.48,0.00,0.00,0.00,8.56,19.42
2022-01-19 01:10:00 UTC,824.06,672.52,84.35,0.00,0.00,0.00,8.89,18.98
2022-01-19 01:20:00 UTC,832.69,674.42,84.63,0.00,0.00,0.00,8.91,19.53
2022-01-19 01:30:00 UTC,827.03,673.84,80.42,0.00,0.00,0.00,8.92,19.21
2022-01-19 01:40:00 UTC,795.32,651.98,81.39,0.00,0.00,0.00,8.30,18.92
2022-01-19 01:50:00 UTC,807.05,664.44,85.49,0.00,0.00,0.00,8.18,19.08
2022-01-19 02:00:00 UTC,790.50,648.62,79.67,0.00,0.00,0.00,8.04,18.69
2022-01-19 02:10:00 UTC,794.53,653.27,81.93,0.00,0.00,0.00,8.02,18.76
2022-01-19 02:20:00 UTC,815.96,669.92,86.01,0.00,0.00,0.00,8.43,19.83
2022-01-19 02:30:00 UTC,833.20,681.95,88.48,0.00,0.00,0.00,8.98,19.57
2022-01-19 02:40:00 UTC,841.56,689.93,86.49,0.00,0.00,0.00,9.02,19.73
2022-01-19 02:50:00 UTC,821.74,674.51,85.79,0.00,0.00,0.00,8.51,19.60
2022-01-19 03:00:00 UTC,815.49,671.45,81.92,0.00,0.00,0.00,8.63,19.53
2022-01-19 03:10:00 UTC,823.06,677.29,86.59,0.00,0.00,0.00,8.62,19.58
2022-01-19 03:20:00 UTC,816.70,663.99,78.15,0.00,0.00,0.00,8.29,18.70
2022-01-19 03:30:00 UTC,822.73,675.52,82.49,0.00,0.00,0.00,8.59,19.27
2022-01-19 03:40:00 UTC,807.51,661.51,88.95,0.00,0.00,0.00,8.06,19.01
2022-01-19 03:50:00 UTC,805.37,658.04,81.25,0.00,0.00,0.00,8.36,18.76
2022-01-19 04:00:00 UTC,780.54,634.94,79.62,0.00,0.00,0.00,8.01,18.19
2022-01-19 04:10:00 UTC,759.52,625.17,76.32,0.00,0.00,0.00,7.49,18.31
2022-01-19 04:20:00 UTC,738.93,609.85,77.09,0.00,0.00,0.00,7.22,18.38
2022-01-19 04:30:00 UTC,743.93,611.74,73.01,0.00,0.00,0.00,7.33,17.61
2022-01-19 04:40:00 UTC,737.07,599.67,72.78,0.00,0.00,0.00,7.41,17.58
2022-01-19 04:50:00 UTC,743.84,612.87,75.76,0.00,0.00,0.00,7.22,17.87
2022-01-19 05:00:00 UTC,743.23,611.29,74.39,0.00,0.00,0.00,7.39,17.56
2022-01-19 05:10:00 UTC,764.20,627.61,79.59,0.00,0.00,0.00,7.43,18.29
2022-01-19 05:20:00 UTC,755.21,618.17,79.86,0.00,0.00,0.00,7.40,17.60
2022-01-19 05:30:00 UTC,740.80,606.06,72.64,0.00,0.00,0.00,7.22,17.38
2022-01-19 05:40:00 UTC,747.44,612.04,74.76,0.00,0.00,0.00,7.56,17.67
2022-01-19 05:50:00 UTC,744.13,608.89,77.25,0.00,0.00,0.00,7.04,17.33
2022-01-19 06:00:00 UTC,751.21,612.30,77.31,0.00,0.00,0.00,7.34,17.72
2022-01-19 06:10:00 UTC,745.09,610.59,77.73,0.00,0.00,0.00,7.42,17.95
2022-01-19 06:20:00 UTC,783.75,639.04,79.04,0.00,0.00,0.00,7.81,18.73
2022-01-19 06:30:00 UTC,782.88,640.65,81.71,0.00,0.00,0.00,7.80,18.44
2022-01-19 06:40:00 UTC,771.65,633.51,79.76,0.00,0.00,0.00,7.77,18.28
2022-01-19 06:50:00 UTC,768.59,633.37,79.00,0.00,0.00,0.00,7.72,18.21
2022-01-19 07:00:00 UTC,771.85,637.18,81.48,0.00,0.00,0.00,8.05,18.63
2022-01-19 07:10:00 UTC,761.32,629.54,82.24,0.00,0.00,0.00,7.71,18.24
2022-01-19 07:20:00 UTC,743.31,613.43,76.32,0.00,0.00,0.00,7.23,17.41
2022-01-19 07:30:00 UTC,760.45,624.33,75.97,0.00,0.00,0.00,7.47,17.96
2022-01-19 07:40:00 UTC,768.33,632.72,78.92,0.00,0.00,0.00,7.67,18.02
2022-01-19 07:50:00 UTC,767.64,630.29,82.00,0.00,0.00,0.00,7.80,18.38
2022-01-19 08:00:00 UTC,788.12,650.23,83.37,0.00,0.00,0.00,8.17,18.84
2022-01-19 08:10:00 UTC,785.86,647.13,82.96,0.00,0.00,0.00,8.13,18.49
2022-01-19 08:20:00 UTC,802.29,656.51,83.69,0.00,0.00,0.00,8.46,19.13
2022-01-19 08:30:00 UTC,953.03,786.06,111.72,0.00,0.00,0.00,13.18,23.22
2022-01-19 08:40:00 UTC,992.76,816.09,120.13,0.00,0.00,0.00,15.12,24.17
2022-01-19 08:50:00 UTC,989.26,810.57,115.73,0.00,0.00,0.00,14.18,24.49
2022-01-19 09:00:00 UTC,971.46,796.22,115.80,0.00,0.00,0.00,14.08,23.57
2022-01-19 09:10:00 UTC,984.70,805.14,119.01,0.00,0.00,0.00,14.56,23.99
2022-01-19 09:20:00 UTC,970.58,798.65,115.47,0.00,0.00,0.00,14.00,23.39
2022-01-19 09:30:00 UTC,984.82,807.99,118.21,0.00,0.00,0.00,14.28,23.96
2022-01-19 09:40:00 UTC,979.00,801.84,119.62,0.00,0.00,0.00,13.66,24.09
2022-01-19 09:50:00 UTC,984.49,811.32,116.20,0.00,0.00,0.00,14.41,23.81
2022-01-19 10:00:00 UTC,1009.73,827.50,128.65,0.03,0.00,0.00,15.89,25.34
2022-01-19 10:10:00 UTC,1037.49,849.61,133.85,0.00,0.00,0.00,16.63,25.71
2022-01-19 10:20:00 UTC,1036.27,853.41,140.89,0.00,0.00,0.00,16.70,25.99
2022-01-19 10:30:00 UTC,1034.58,849.90,138.60,0.00,0.00,0.00,16.21,25.57
2022-01-19 10:40:00 UTC,1026.25,842.71,133.87,0.00,0.00,0.00,16.19,25.75
2022-01-19 10:50:00 UTC,1019.54,841.00,139.77,0.00,0.00,0.00,15.40,25.62
2022-01-19 11:00:00 UTC,1016.95,837.79,129.06,0.00,0.00,0.00,15.31,25.72
2022-01-19 11:10:00 UTC,1032.82,843.04,145.18,0.00,0.00,0.00,15.81,25.71
2022-01-19 11:20:00 UTC,1037.59,853.66,141.82,0.00,0.00,0.00,16.56,25.65
2022-01-19 11:30:00 UTC,1037.65,850.59,134.23,0.00,0.00,0.00,16.17,25.06
2022-01-19 11:40:00 UTC,1068.41,878.21,143.83,0.00,0.00,0.00,17.43,26.15
2022-01-19 11:50:00 UTC,1085.72,889.64,163.23,0.00,0.00,0.00,17.65,26.93
2022-01-19 12:00:00 UTC,1111.28,910.20,165.46,0.00,0.00,0.00,17.93,27.72
2022-01-19 12:10:00 UTC,1147.33,940.70,182.03,0.00,0.00,0.00,18.46,28.21
2022-01-19 12:20:00 UTC,1204.74,987.88,185.78,0.00,0.00,0.00,19.18,29.55
2022-01-19 12:30:00 UTC,1268.80,1036.90,197.24,0.00,0.00,0.00,19.41,31.38
2022-01-19 12:40:00 UTC,1234.16,1014.24,197.57,0.00,0.00,0.00,19.52,31.36
2022-01-19 12:50:00 UTC,1143.38,937.35,174.13,0.00,0.00,0.00,18.20,28.11
2022-01-19 13:00:00 UTC,1071.92,877.24,150.53,0.00,0.00,0.00,15.90,26.01
2022-01-19 13:10:00 UTC,1110.58,908.62,160.11,0.00,0.00,0.00,17.70,27.71
2022-01-19 13:20:00 UTC,1042.54,859.69,145.75,0.00,0.00,0.00,15.63,25.61
2022-01-19 13:30:00 UTC,980.24,806.71,113.47,0.00,0.00,0.00,14.25,23.46
2022-01-19 13:40:00 UTC,907.52,743.34,100.71,0.00,0.00,0.00,10.91,21.97
2022-01-19 13:50:00 UTC,777.74,639.45,82.05,0.00,0.00,0.00,7.85,19.17
2022-01-19 14:00:00 UTC,755.24,613.82,73.76,0.00,0.00,0.00,7.28,17.66
2022-01-19 14:10:00 UTC,787.49,648.18,84.57,0.00,0.00,0.00,7.88,19.21
2022-01-19 14:20:00 UTC,820.78,670.94,86.21,0.00,0.00,0.00,8.77,19.66
2022-01-19 14:30:00 UTC,791.71,647.91,82.19,0.00,0.00,0.00,7.85,18.94
2022-01-19 14:40:00 UTC,811.22,666.13,89.66,0.00,0.00,0.00,8.31,19.70
2022-01-19 14:50:00 UTC,824.14,679.40,93.58,0.00,0.00,0.00,8.67,20.19
2022-01-19 15:00:00 UTC,866.12,720.01,101.39,0.00,0.00,0.00,10.09,21.49
2022-01-19 15:10:00 UTC,960.27,795.43,110.04,0.00,0.00,0.00,14.29,23.81
2022-01-19 15:20:00 UTC,944.58,780.09,111.49,0.00,0.00,0.00,12.40,22.94
2022-01-19 15:30:00 UTC,874.45,722.26,100.51,0.00,0.00,0.00,9.87,21.31
2022-01-19 15:40:00 UTC,830.32,688.14,99.25,0.00,0.00,0.00,9.14,20.52
2022-01-19 15:50:00 UTC,836.46,689.87,95.94,0.00,0.00,0.00,9.12,20.80
2022-01-19 16:00:00 UTC,986.53,791.69,102.30,0.00,0.00,0.00,12.69,22.55
2022-01-19 16:10:00 UTC,834.16,688.97,91.27,0.00,0.00,0.00,10.13,20.78
2022-01-19 16:20:00 UTC,717.86,591.26,76.02,0.00,0.00,0.00,7.00,16.84
2022-01-19 16:30:00 UTC,674.10,552.36,72.17,0.00,0.00,0.00,6.01,15.17
2022-01-19 16:40:00 UTC,676.13,559.05,71.84,0.00,0.00,0.00,6.25,15.67
2022-01-19 16:50:00 UTC,702.18,574.95,65.03,0.00,0.00,0.00,7.28,15.58
2022-01-19 17:00:00 UTC,594.96,485.02,52.73,0.00,0.00,0.00,5.25,11.46
2022-01-19 17:10:00 UTC,564.87,462.53,49.29,0.00,0.00,0.00,5.34,9.74
2022-01-19 17:20:00 UTC,593.23,482.60,49.39,0.00,0.00,0.00,4.94,10.56
2022-01-19 17:30:00 UTC,429.95,353.87,24.54,0.00,0.00,0.00,2.04,5.51
2022-01-19 17:40:00 UTC,606.63,502.27,46.96,0.00,0.00,0.00,5.01,10.62
2022-01-19 17:50:00 UTC,560.91,459.32,44.51,0.00,0.00,0.00,4.33,8.66
2022-01-19 18:00:00 UTC,551.92,448.30,40.81,0.00,0.00,0.00,3.94,8.04
2022-01-19 18:10:00 UTC,512.65,418.41,37.01,0.00,0.00,0.00,3.52,7.04
2022-01-19 18:20:00 UTC,482.57,389.22,28.17,0.00,0.00,0.00,3.13,6.40
2022-01-19 18:30:00 UTC,390.77,317.16,15.34,0.00,0.00,0.00,1.36,4.37
2022-01-19 18:40:00 UTC,353.54,287.69,8.90,0.00,0.00,0.00,0.66,3.49
2022-01-19 18:50:00 UTC,303.90,246.40,2.92,0.00,0.00,0.00,0.17,2.41
2022-01-19 19:00:00 UTC,319.39,254.63,2.26,0.00,0.00,0.00,0.09,2.76
2022-01-19 19:10:00 UTC,350.29,287.47,4.57,0.00,0.00,0.00,0.49,3.10
2022-01-19 19:20:00 UTC,384.08,309.95,6.37,0.00,0.00,0.00,1.55,3.97
2022-01-19 19:30:00 UTC,362.41,295.21,4.15,0.00,0.00,0.00,1.04,3.56
2022-01-19 19:40:00 UTC,442.61,358.49,17.51,0.00,0.00,0.00,2.36,5.87
2022-01-19 19:50:00 UTC,422.14,342.81,14.22,0.00,0.00,0.00,2.13,5.33
2022-01-19 20:00:00 UTC,327.40,265.71,2.27,0.00,0.00,0.00,0.41,2.91
2022-01-19 20:10:00 UTC,362.96,291.77,3.03,0.00,0.00,0.00,1.56,3.95
2022-01-19 20:20:00 UTC,388.92,311.24,7.22,0.00,0.00,0.00,1.72,4.47
2022-01-19 20:30:00 UTC,380.53,307.41,1.91,0.00,0.00,0.00,0.77,3.58
2022-01-19 20:40:00 UTC,417.10,330.25,3.54,0.00,0.00,0.00,1.74,3.94
2022-01-19 20:50:00 UTC,443.09,353.08,4.34,0.00,0.00,0.00,2.53,4.82
2022-01-19 21:00:00 UTC,427.93,339.41,3.87,0.00,0.00,0.00,2.56,4.54
2022-01-19 21:10:00 UTC,494.72,396.15,14.84,0.00,0.00,0.00,4.24,6.85
2022-01-19 21:20:00 UTC,1349.46,1079.43,115.64,0.00,0.00,0.00,17.06,25.17
2022-01-19 21:30:00 UTC,698.53,556.34,42.73,0.00,0.00,0.00,7.08,12.19
2022-01-19 21:40:00 UTC,1391.55,1107.49,121.47,0.00,0.00,0.00,15.51,24.82
2022-01-19 21:50:00 UTC,1025.55,813.40,77.67,0.00,0.00,0.00,12.75,19.16
2022-01-19 22:00:00 UTC,830.79,664.75,63.45,0.00,0.00,0.00,10.14,18.01
2022-01-19 22:10:00 UTC,662.62,530.10,42.91,0.00,0.00,0.00,6.20,11.90
2022-01-19 22:20:00 UTC,628.53,502.08,39.45,0.00,0.00,0.00,5.49,9.35
2022-01-19 22:30:00 UTC,644.97,518.79,44.19,0.00,0.00,0.00,5.68,10.67
2022-01-19 22:40:00 UTC,681.73,548.55,48.90,0.00,0.00,0.00,6.32,12.50
2022-01-19 22:50:00 UTC,687.40,551.63,49.92,0.00,0.00,0.00,6.32,13.17
2022-01-19 23:00:00 UTC,682.43,547.27,48.44,0.00,0.00,0.00,6.25,12.13
2022-01-19 23:10:00 UTC,695.21,552.55,49.44,0.00,0.00,0.00,6.53,13.60
2022-01-19 23:20:00 UTC,705.63,565.31,49.96,0.00,0.00,0.00,6.28,13.75
2022-01-19 23:30:00 UTC,688.37,551.84,48.15,0.00,0.00,0.00,6.59,12.11
2022-01-19 23:40:00 UTC,697.19,558.86,49.57,0.00,0.00,0.00,6.50,14.06
2022-01-19 23:50:00 UTC,695.78,554.18,54.68,0.00,0.00,0.00,6.28,14.19,
2022-01-20 00:00:00 UTC,712.56,573.04,54.98,0.00,0.00,0.00,6.69,15.92
2022-01-20 00:10:00 UTC,699.99,566.39,57.53,0.00,0.00,0.00,6.28,15.47
2022-01-20 00:20:00 UTC,702.50,573.27,57.88,0.00,0.00,0.00,6.41,15.87
2022-01-20 00:30:00 UTC,719.21,580.42,61.21,0.00,0.00,0.00,6.96,15.33
2022-01-20 00:40:00 UTC,714.74,579.95,59.43,0.00,0.00,0.00,6.68,15.53
2022-01-20 00:50:00 UTC,708.41,578.46,62.75,0.00,0.00,0.00,6.57,15.85
2022-01-20 01:00:00 UTC,713.66,579.61,64.60,0.00,0.00,0.00,6.69,16.31
2022-01-20 01:10:00 UTC,715.86,578.14,62.78,0.00,0.00,0.00,6.97,16.29
2022-01-20 01:20:00 UTC,711.05,579.83,65.56,0.00,0.00,0.00,6.89,15.62
2022-01-20 01:30:00 UTC,714.38,580.70,65.65,0.00,0.00,0.00,6.68,15.07
2022-01-20 01:40:00 UTC,732.45,594.14,67.16,0.00,0.00,0.00,7.03,16.43
2022-01-20 01:50:00 UTC,737.43,601.47,68.85,0.00,0.00,0.00,7.09,16.63
2022-01-20 02:00:00 UTC,788.94,648.57,76.86,0.00,0.00,0.00,8.27,19.08
2022-01-20 02:10:00 UTC,795.77,650.64,81.45,0.00,0.00,0.00,8.40,19.33
2022-01-20 02:20:00 UTC,796.20,644.77,80.26,0.00,0.00,0.00,7.96,18.42
2022-01-20 02:30:00 UTC,801.15,653.91,81.87,0.00,0.00,0.00,8.44,18.95
2022-01-20 02:40:00 UTC,808.09,666.92,83.22,0.00,0.00,0.00,9.04,19.67
2022-01-20 02:50:00 UTC,803.98,660.67,83.96,0.00,0.00,0.00,8.78,19.41
2022-01-20 03:00:00 UTC,797.92,655.67,77.45,0.00,0.00,0.00,8.25,18.42
2022-01-20 03:10:00 UTC,794.33,646.86,82.57,0.00,0.00,0.00,7.94,18.56
2022-01-20 03:20:00 UTC,804.87,659.74,80.98,0.00,0.00,0.00,8.89,19.39
2022-01-20 03:30:00 UTC,805.72,661.28,86.14,0.00,0.00,0.00,8.20,19.27
2022-01-20 03:40:00 UTC,824.35,670.99,85.99,0.00,0.00,0.00,8.61,19.87
2022-01-20 03:50:00 UTC,825.56,679.95,88.28,0.00,0.00,0.00,8.63,19.43
2022-01-20 04:00:00 UTC,819.75,677.83,85.43,0.00,0.00,0.00,9.61,19.97
2022-01-20 04:10:00 UTC,816.55,670.24,89.63,0.00,0.00,0.00,8.86,19.81
2022-01-20 04:20:00 UTC,823.04,671.02,86.16,0.00,0.00,0.00,9.23,19.99
2022-01-20 04:30:00 UTC,812.08,666.03,83.93,0.00,0.00,0.00,9.27,20.32
2022-01-20 04:40:00 UTC,824.14,672.18,88.10,0.00,0.00,0.00,9.54,20.45
2022-01-20 04:50:00 UTC,830.72,685.66,90.13,0.00,0.00,0.00,9.58,20.65
2022-01-20 05:00:00 UTC,835.87,686.72,90.01,0.00,0.00,0.00,9.75,20.81
2022-01-20 05:10:00 UTC,852.01,696.47,93.56,0.00,0.00,0.00,10.04,21.17
2022-01-20 05:20:00 UTC,876.07,723.30,98.68,0.00,0.00,0.00,10.86,22.24
2022-01-20 05:30:00 UTC,864.14,714.73,92.64,0.00,0.00,0.00,10.35,21.79
2022-01-20 05:40:00 UTC,860.57,713.91,98.69,0.00,0.00,0.00,10.27,21.35
2022-01-20 05:50:00 UTC,831.83,690.98,97.87,0.00,0.00,0.00,9.80,21.09
2022-01-20 06:00:00 UTC,860.47,711.40,102.38,0.00,0.00,0.00,10.64,22.20
2022-01-20 06:10:00 UTC,872.21,716.19,103.29,0.00,0.00,0.00,10.95,22.01
2022-01-20 06:20:00 UTC,891.52,734.55,106.98,0.00,0.00,0.00,11.34,22.83
2022-01-20 06:30:00 UTC,930.53,767.44,124.60,0.00,0.00,0.00,12.63,23.84
2022-01-20 06:40:00 UTC,981.05,807.49,146.64,0.00,0.00,0.00,15.06,25.40
2022-01-20 06:50:00 UTC,990.49,822.67,139.47,0.00,0.00,0.00,14.89,25.39
2022-01-20 07:00:00 UTC,996.86,828.94,158.73,0.00,0.00,0.00,14.51,25.90
2022-01-20 07:10:00 UTC,989.36,816.68,166.43,0.00,0.00,0.00,13.96,25.25
2022-01-20 07:20:00 UTC,1001.08,829.57,150.25,0.02,0.00,0.00,14.44,25.20
2022-01-20 07:30:00 UTC,978.22,817.63,146.75,0.00,0.00,0.00,14.48,25.10
2022-01-20 07:40:00 UTC,987.49,824.83,161.39,0.00,0.00,0.00,14.89,24.81
2022-01-20 07:50:00 UTC,988.06,826.39,163.40,0.00,0.00,0.00,14.78,25.60
2022-01-20 08:00:00 UTC,990.53,826.47,166.76,0.00,0.00,0.00,14.70,25.37
2022-01-20 08:10:00 UTC,998.51,832.12,158.97,0.00,0.00,0.00,15.23,24.98
2022-01-20 08:20:00 UTC,997.10,826.38,151.95,0.00,0.00,0.00,15.11,24.88
2022-01-20 08:30:00 UTC,1011.37,846.38,160.25,0.00,0.00,0.00,15.68,25.19
2022-01-20 08:40:00 UTC,1044.71,872.12,171.41,0.00,0.00,0.00,16.66,27.11
2022-01-20 08:50:00 UTC,1066.15,884.69,182.97,0.00,0.00,0.00,17.57,27.19
2022-01-20 09:00:00 UTC,1087.80,902.62,184.81,0.00,0.00,0.00,18.11,28.22
2022-01-20 09:10:00 UTC,1100.31,917.29,192.00,0.00,0.00,0.00,18.40,28.87
2022-01-20 09:20:00 UTC,1092.50,910.20,178.93,0.00,0.00,0.00,17.98,28.13
2022-01-20 09:30:00 UTC,1082.77,898.91,174.55,0.00,0.00,0.00,17.73,27.90
2022-01-20 09:40:00 UTC,1096.10,907.19,169.15,0.00,0.00,0.00,18.51,27.83
2022-01-20 09:50:00 UTC,1114.84,921.49,177.22,0.00,0.00,0.00,18.63,28.03
2022-01-20 10:00:00 UTC,1127.99,934.44,174.46,0.00,0.00,0.00,17.86,28.03
2022-01-20 10:10:00 UTC,1130.51,930.26,177.05,0.00,0.00,0.00,17.77,28.30
2022-01-20 10:20:00 UTC,1169.19,960.88,180.36,0.00,0.00,0.00,18.78,28.83
2022-01-20 10:30:00 UTC,1180.07,973.84,184.30,0.00,0.00,0.00,18.43,28.66
2022-01-20 10:40:00 UTC,1222.69,1009.36,190.12,0.00,0.00,0.00,19.09,29.33
2022-01-20 10:50:00 UTC,1228.65,1008.03,189.13,0.00,0.00,0.00,18.88,29.13
2022-01-20 11:00:00 UTC,1247.54,1024.28,192.97,0.00,0.00,0.00,18.95,30.05
2022-01-20 11:10:00 UTC,1279.16,1047.56,189.53,0.00,0.00,0.00,19.23,30.36
2022-01-20 11:20:00 UTC,1290.42,1052.31,190.41,0.00,0.00,0.00,19.40,31.35
2022-01-20 11:30:00 UTC,1299.73,1057.96,184.51,0.00,0.00,0.00,19.48,30.27
2022-01-20 11:40:00 UTC,1322.63,1074.27,185.62,0.00,0.00,0.00,20.66,31.68
2022-01-20 11:50:00 UTC,1353.71,1101.33,194.22,0.00,0.00,0.00,21.06,32.58
2022-01-20 12:00:00 UTC,1423.44,1157.99,199.22,0.00,0.00,0.00,21.83,34.06
2022-01-20 12:10:00 UTC,1426.13,1159.36,196.39,0.00,0.00,0.00,21.84,34.05
2022-01-20 12:20:00 UTC,1525.35,1244.76,214.80,0.00,0.00,0.00,22.21,36.43
2022-01-20 12:30:00 UTC,1706.48,1397.73,249.08,0.00,0.00,0.00,23.80,41.68
2022-01-20 12:40:00 UTC,1791.86,1464.25,248.84,0.00,0.00,0.00,24.74,43.70
2022-01-20 12:50:00 UTC,1926.92,1566.72,273.19,0.00,0.00,0.00,25.41,44.94
2022-01-20 13:00:00 UTC,1884.74,1535.30,276.12,0.00,0.00,0.00,25.32,44.97
2022-01-20 13:10:00 UTC,1577.55,1293.95,245.89,0.00,0.00,0.00,22.48,39.33
2022-01-20 13:20:00 UTC,1513.22,1240.44,234.95,0.00,0.00,0.00,21.46,37.57
2022-01-20 13:30:00 UTC,1455.40,1188.25,219.80,0.00,0.00,0.00,21.21,36.20
2022-01-20 13:40:00 UTC,1434.71,1182.02,222.39,0.00,0.00,0.00,21.57,36.43
2022-01-20 13:50:00 UTC,1325.80,1087.70,208.80,0.00,0.00,0.00,20.08,33.32
2022-01-20 14:00:00 UTC,1244.68,1020.61,191.07,0.00,0.00,0.00,19.39,30.77
2022-01-20 14:10:00 UTC,1255.03,1029.67,188.28,0.02,0.00,0.00,19.88,31.28
2022-01-20 14:20:00 UTC,1378.80,1125.16,209.30,0.00,0.00,0.00,20.21,33.88
2022-01-20 14:30:00 UTC,824.13,668.53,83.44,0.00,0.00,0.00,9.55,19.17
2022-01-20 14:40:00 UTC,951.92,770.77,98.61,0.00,0.00,0.00,11.99,20.74
2022-01-20 14:50:00 UTC,1975.02,1594.31,221.37,0.00,0.00,0.00,22.47,38.46
2022-01-20 15:00:00 UTC,862.46,698.09,82.71,0.00,0.00,0.00,9.68,19.51
2022-01-20 15:10:00 UTC,718.78,581.99,57.16,0.00,0.00,0.00,6.95,15.80
2022-01-20 15:20:00 UTC,697.16,565.89,59.54,0.00,0.00,0.00,6.24,14.02
2022-01-20 15:30:00 UTC,882.60,719.67,100.60,0.00,0.00,0.00,10.34,21.32
2022-01-20 15:40:00 UTC,719.16,583.10,66.86,0.00,0.00,0.00,6.68,15.44
2022-01-20 15:50:00 UTC,639.96,522.45,54.99,0.00,0.00,0.00,5.56,12.02
2022-01-20 16:00:00 UTC,634.92,512.93,54.09,0.00,0.00,0.00,4.93,12.63
2022-01-20 16:10:00 UTC,620.61,499.52,52.34,0.00,0.00,0.00,4.96,11.21
2022-01-20 16:20:00 UTC,609.38,493.68,45.85,0.00,0.00,0.00,4.86,9.70
2022-01-20 16:30:00 UTC,593.57,478.55,42.91,0.00,0.00,0.00,4.69,8.74
2022-01-20 16:40:00 UTC,565.94,449.87,33.91,0.00,0.00,0.00,4.23,7.80
2022-01-20 16:50:00 UTC,517.55,416.84,29.00,0.00,0.00,0.00,3.57,6.71
2022-01-20 17:00:00 UTC,445.17,360.70,20.14,0.00,0.00,0.00,2.43,5.25
2022-01-20 17:10:00 UTC,452.43,368.61,17.44,0.00,0.00,0.00,2.81,5.65
2022-01-20 17:20:00 UTC,522.30,423.24,36.61,0.00,0.00,0.00,3.59,7.57
2022-01-20 17:30:00 UTC,609.85,487.71,44.31,0.00,0.00,0.00,5.36,9.48
2022-01-20 17:40:00 UTC,843.66,682.67,85.60,0.00,0.00,0.00,9.96,18.88
2022-01-20 17:50:00 UTC,449.11,361.25,16.52,0.00,0.00,0.00,2.43,5.19
2022-01-20 18:00:00 UTC,456.57,367.44,21.46,0.00,0.00,0.00,3.09,6.27
2022-01-20 18:10:00 UTC,498.16,402.22,24.06,0.00,0.00,0.00,3.15,6.62
2022-01-20 18:20:00 UTC,460.86,371.72,22.33,0.00,0.00,0.00,2.97,6.23
2022-01-20 18:30:00 UTC,474.73,383.03,25.57,0.00,0.00,0.00,2.93,6.01
2022-01-20 18:40:00 UTC,432.04,350.23,13.95,0.00,0.00,0.00,2.71,5.50
2022-01-20 18:50:00 UTC,443.15,359.96,17.56,0.00,0.00,0.00,2.25,5.61
2022-01-20 19:00:00 UTC,,,,,,,,
2022-01-20 19:10:00 UTC,450.25,364.95,19.23,0.00,0.00,0.00,3.00,6.55
2022-01-20 19:20:00 UTC,479.77,383.31,20.07,0.00,0.00,0.00,3.31,6.43
2022-01-20 19:30:00 UTC,656.50,535.70,46.15,0.00,0.00,0.00,6.95,11.33
2022-01-20 19:40:00 UTC,692.28,557.90,57.31,0.00,0.00,0.00,6.97,13.54
2022-01-20 19:50:00 UTC,435.06,346.00,14.77,0.00,0.00,0.00,2.53,5.28
2022-01-20 20:00:00 UTC,422.60,339.97,13.54,0.00,0.00,0.00,2.34,5.12
2022-01-20 20:10:00 UTC,400.26,322.29,4.85,0.00,0.00,0.00,1.57,4.23
2022-01-20 20:20:00 UTC,341.99,271.85,3.32,0.00,0.00,0.00,0.30,2.90
2022-01-20 20:30:00 UTC,343.97,274.36,2.01,0.00,0.00,0.00,1.15,3.68
2022-01-20 20:40:00 UTC,357.76,283.95,2.12,0.00,0.00,0.00,0.50,3.16
2022-01-20 20:50:00 UTC,373.64,297.30,3.32,0.00,0.00,0.00,0.63,3.38
2022-01-20 21:00:00 UTC,345.41,278.47,1.43,0.00,0.00,0.00,0.49,3.09
2022-01-20 21:10:00 UTC,334.04,266.64,0.94,0.00,0.00,0.00,0.70,2.65
2022-01-20 21:20:00 UTC,320.55,255.89,1.64,0.00,0.00,0.00,0.18,2.12
2022-01-20 21:30:00 UTC,341.47,272.28,1.32,0.00,0.00,0.00,1.08,3.15
2022-01-20 21:40:00 UTC,744.30,608.44,83.53,0.41,0.00,0.00,7.41,16.15
2022-01-20 21:50:00 UTC,650.47,523.30,53.42,0.00,0.00,0.00,6.08,12.15
2022-01-20 22:00:00 UTC,401.48,324.30,7.66,0.00,0.00,0.00,1.43,4.05
2022-01-20 22:10:00 UTC,438.81,349.29,8.97,0.00,0.00,0.00,2.36,4.81
2022-01-20 22:20:00 UTC,451.49,358.58,11.64,0.00,0.00,0.00,2.49,5.22
2022-01-20 22:30:00 UTC,446.96,358.01,10.13,0.00,0.00,0.00,2.31,5.07
2022-01-20 22:40:00 UTC,452.86,363.91,13.94,0.00,0.00,0.00,2.61,5.09
2022-01-20 22:50:00 UTC,441.65,346.91,9.99,0.00,0.00,0.00,2.20,4.48
2022-01-20 23:00:00 UTC,448.22,362.49,12.31,0.00,0.00,0.00,2.46,5.02
2022-01-20 23:10:00 UTC,448.08,355.73,15.29,0.00,0.00,0.00,2.61,5.67
2022-01-20 23:20:00 UTC,451.84,361.41,11.65,0.00,0.00,0.00,1.96,5.04
2022-01-20 23:30:00 UTC,458.53,366.63,6.11,0.00,0.00,0.00,2.37,5.07
2022-01-20 23:40:00 UTC,467.86,365.76,12.04,0.00,0.00,0.00,2.34,5.40
2022-01-20 23:50:00 UTC,470.52,374.82,14.22,0.00,0.00,0.00,2.51,5.30,
2022-01-21 00:00:00 UTC,491.27,389.33,15.59,0.00,0.00,0.00,2.78,6.08
2022-01-21 00:10:00 UTC,483.04,386.39,16.92,0.00,0.00,0.00,2.87,5.69
2022-01-21 00:20:00 UTC,493.88,395.95,14.56,0.00,0.00,0.00,3.07,5.83
2022-01-21 00:30:00 UTC,545.23,436.28,25.55,0.00,0.00,0.00,3.90,6.94
2022-01-21 00:40:00 UTC,534.54,428.20,20.76,0.00,0.00,0.00,3.63,6.60
2022-01-21 00:50:00 UTC,561.64,451.41,33.13,0.00,0.00,0.00,4.14,7.66
2022-01-21 01:00:00 UTC,571.07,453.61,28.23,0.00,0.00,0.00,4.36,7.45
2022-01-21 01:10:00 UTC,597.25,479.71,33.45,0.00,0.00,0.00,4.52,8.25
2022-01-21 01:20:00 UTC,593.06,474.73,34.11,0.00,0.00,0.00,4.78,8.24
2022-01-21 01:30:00 UTC,607.66,492.20,40.17,0.00,0.00,0.00,5.74,10.02
2022-01-21 01:40:00 UTC,624.59,497.76,43.74,0.00,0.00,0.00,5.53,9.59
2022-01-21 01:50:00 UTC,646.44,519.80,44.85,0.00,0.00,0.00,5.69,10.49
2022-01-21 02:00:00 UTC,667.53,539.67,49.27,0.00,0.00,0.00,5.86,12.17
2022-01-21 02:10:00 UTC,705.90,571.15,52.09,0.00,0.00,0.00,6.34,14.33
2022-01-21 02:20:00 UTC,741.77,601.12,58.64,0.00,0.00,0.00,7.05,16.06
2022-01-21 02:30:00 UTC,789.47,633.26,67.14,0.00,0.00,0.00,7.72,17.52
2022-01-21 02:40:00 UTC,823.00,665.90,69.14,0.00,0.00,0.00,8.81,18.59
2022-01-21 02:50:00 UTC,820.07,665.36,75.88,0.00,0.00,0.00,9.32,19.71
2022-01-21 03:00:00 UTC,819.92,667.88,70.68,0.00,0.00,0.00,9.18,19.82
2022-01-21 03:10:00 UTC,833.20,678.96,77.96,0.00,0.00,0.00,9.47,19.94
2022-01-21 03:20:00 UTC,845.61,684.84,80.43,0.00,0.00,0.00,9.12,18.98
2022-01-21 03:30:00 UTC,875.69,711.18,84.79,0.00,0.00,0.00,9.64,20.11
2022-01-21 03:40:00 UTC,899.68,732.04,86.10,0.00,0.00,0.00,10.45,20.36
2022-01-21 03:50:00 UTC,904.07,739.12,90.49,0.00,0.00,0.00,10.58,20.82
2022-01-21 04:00:00 UTC,912.72,743.54,91.13,0.00,0.00,0.00,11.23,21.13
2022-01-21 04:10:00 UTC,928.69,757.30,91.47,0.00,0.00,0.00,11.76,21.41
2022-01-21 04:20:00 UTC,914.73,748.56,91.73,0.00,0.00,0.00,11.84,21.73
2022-01-21 04:30:00 UTC,926.24,753.06,91.71,0.00,0.00,0.00,12.24,21.97
2022-01-21 04:40:00 UTC,925.70,758.76,100.86,0.00,0.00,0.00,12.42,22.81
2022-01-21 04:50:00 UTC,926.00,760.06,98.05,0.00,0.00,0.00,13.00,22.94
2022-01-21 05:00:00 UTC,928.75,756.38,99.45,0.00,0.00,0.00,12.54,22.44
2022-01-21 05:10:00 UTC,949.66,783.64,101.13,0.00,0.00,0.00,13.91,22.85
2022-01-21 05:20:00 UTC,939.99,771.50,104.98,0.00,0.00,0.00,12.74,22.98
2022-01-21 05:30:00 UTC,951.24,781.50,99.17,0.00,0.00,0.00,13.31,22.17
2022-01-21 05:40:00 UTC,947.64,777.88,100.99,0.00,0.00,0.00,12.90,22.31
2022-01-21 05:50:00 UTC,950.63,771.82,102.16,0.00,0.00,0.00,12.45,22.36
2022-01-21 06:00:00 UTC,957.64,784.32,106.94,0.00,0.00,0.00,12.73,22.68
2022-01-21 06:10:00 UTC,972.17,794.27,105.89,0.00,0.00,0.00,15.02,23.47
2022-01-21 06:20:00 UTC,991.74,813.68,109.53,0.00,0.00,0.00,15.15,23.72
2022-01-21 06:30:00 UTC,996.38,813.59,112.68,0.00,0.00,0.00,14.35,23.58
2022-01-21 06:40:00 UTC,1007.67,823.63,109.95,0.00,0.00,0.00,16.07,24.15
2022-01-21 06:50:00 UTC,1003.66,818.72,111.86,0.00,0.00,0.00,14.06,23.92
2022-01-21 07:00:00 UTC,1007.56,824.55,116.43,0.00,0.00,0.00,15.08,24.39
2022-01-21 07:10:00 UTC,1012.16,824.86,111.27,0.00,0.00,0.00,15.42,24.23
2022-01-21 07:20:00 UTC,1027.78,845.78,114.94,0.00,0.00,0.00,15.90,24.40
2022-01-21 07:30:00 UTC,1009.93,828.01,112.74,0.00,0.00,0.00,15.61,23.71
2022-01-21 07:40:00 UTC,1005.20,822.39,117.43,0.00,0.00,0.00,14.40,23.65
2022-01-21 07:50:00 UTC,1015.15,837.97,115.94,0.00,0.00,0.00,15.15,23.90
2022-01-21 08:00:00 UTC,1015.30,831.64,110.76,0.00,0.00,0.00,15.00,23.99
2022-01-21 08:10:00 UTC,1024.97,844.14,117.47,0.00,0.00,0.00,16.66,24.21
2022-01-21 08:20:00 UTC,1001.94,815.45,110.43,0.00,0.00,0.00,14.64,22.90
2022-01-21 08:30:00 UTC,990.78,813.61,116.39,0.00,0.00,0.00,14.01,23.30
2022-01-21 08:40:00 UTC,975.20,798.98,104.66,0.00,0.00,0.00,13.85,22.96
2022-01-21 08:50:00 UTC,959.88,784.22,104.83,0.00,0.00,0.00,12.45,22.56
2022-01-21 09:00:00 UTC,960.57,786.16,101.97,0.00,0.00,0.00,12.25,21.80
2022-01-21 09:10:00 UTC,959.63,783.37,97.73,0.00,0.00,0.00,11.97,21.76
2022-01-21 09:20:00 UTC,964.37,790.71,99.88,0.00,0.00,0.00,13.76,22.30
2022-01-21 09:30:00 UTC,962.38,786.18,108.56,0.00,0.00,0.00,14.44,23.86
2022-01-21 09:40:00 UTC,951.24,773.86,100.36,0.00,0.00,0.00,14.16,23.02
2022-01-21 09:50:00 UTC,942.35,771.46,95.00,0.00,0.00,0.00,12.74,23.29
2022-01-21 10:00:00 UTC,949.01,774.22,99.42,0.00,0.00,0.00,13.00,22.87
2022-01-21 10:10:00 UTC,996.70,813.86,106.76,0.00,0.00,0.00,14.94,23.72
2022-01-21 10:20:00 UTC,993.43,810.20,102.83,0.00,0.00,0.00,15.06,23.24
2022-01-21 10:30:00 UTC,1001.80,820.27,105.98,0.00,0.00,0.00,14.28,23.47
2022-01-21 10:40:00 UTC,1018.71,826.52,111.84,0.00,0.00,0.00,15.31,23.77
2022-01-21 10:50:00 UTC,1032.89,844.31,105.38,0.00,0.00,0.00,15.74,23.90
2022-01-21 11:00:00 UTC,1061.20,860.88,111.16,0.00,0.00,0.00,15.81,24.71
2022-01-21 11:10:00 UTC,1084.52,880.91,109.73,0.00,0.00,0.00,17.24,24.52
2022-01-21 11:20:00 UTC,1109.13,904.31,128.75,0.00,0.00,0.00,17.59,25.75
2022-01-21 11:30:00 UTC,1139.84,925.35,125.86,0.00,0.00,0.00,18.11,26.30
2022-01-21 11:40:00 UTC,1182.73,958.38,126.42,0.00,0.00,0.00,18.42,26.53
2022-01-21 11:50:00 UTC,1177.28,952.08,141.35,0.00,0.00,0.00,18.60,26.75
2022-01-21 12:00:00 UTC,1172.16,958.27,144.11,0.02,0.00,0.00,18.41,26.52
2022-01-21 12:10:00 UTC,1247.15,1003.14,145.34,0.00,0.00,0.00,18.69,28.05
2022-01-21 12:20:00 UTC,1316.81,1066.28,163.22,0.00,0.00,0.00,20.18,29.75
2022-01-21 12:30:00 UTC,1387.36,1126.76,181.35,0.00,0.00,0.00,20.56,32.31
2022-01-21 12:40:00 UTC,1390.58,1127.53,185.20,0.00,0.00,0.00,20.27,32.28
2022-01-21 12:50:00 UTC,1387.46,1128.13,185.48,0.00,0.00,0.00,20.56,31.80
2022-01-21 13:00:00 UTC,1445.35,1164.80,197.10,0.00,0.00,0.00,21.32,33.45
2022-01-21 13:10:00 UTC,1547.41,1261.16,222.36,0.00,0.00,0.00,22.25,36.64
2022-01-21 13:20:00 UTC,1556.38,1265.15,220.00,0.00,0.00,0.00,22.13,37.44
2022-01-21 13:30:00 UTC,1647.52,1341.69,243.78,0.00,0.00,0.00,22.93,39.58
2022-01-21 13:40:00 UTC,1812.10,1484.73,273.75,0.12,0.00,0.00,24.38,43.61
2022-01-21 13:50:00 UTC,2502.59,2041.07,358.04,0.00,0.00,0.00,30.07,53.03
2022-01-21 14:00:00 UTC,1950.42,1597.66,295.58,0.00,0.00,0.00,25.84,46.24
2022-01-21 14:10:00 UTC,2980.65,2502.88,568.53,19.70,0.04,0.02,35.50,67.81
2022-01-21 14:20:00 UTC,1813.60,1504.10,306.90,0.12,0.00,0.00,25.08,46.48
2022-01-21 14:30:00 UTC,1495.77,1231.05,220.85,0.00,0.00,0.00,21.96,36.37
2022-01-21 14:40:00 UTC,1414.85,1158.32,207.14,0.00,0.00,0.00,21.56,34.41
2022-01-21 14:50:00 UTC,1345.27,1093.78,194.96,0.00,0.00,0.00,20.52,31.33
2022-01-21 15:00:00 UTC,1299.53,1060.79,178.58,0.00,0.00,0.00,19.82,29.98
2022-01-21 15:10:00 UTC,1305.11,1059.89,179.65,0.00,0.00,0.00,20.11,29.83
2022-01-21 15:20:00 UTC,1275.18,1036.57,164.31,0.00,0.00,0.00,19.49,29.12
2022-01-21 15:30:00 UTC,1229.73,998.08,158.39,0.00,0.00,0.00,19.20,28.47
2022-01-21 15:40:00 UTC,1167.91,953.78,133.06,0.00,0.00,0.00,18.36,26.84
2022-01-21 15:50:00 UTC,1103.25,899.29,129.40,0.00,0.00,0.00,17.57,25.70
2022-01-21 16:00:00 UTC,1073.34,881.72,124.72,0.00,0.00,0.00,16.82,25.05
2022-01-21 16:10:00 UTC,1095.48,896.40,124.82,0.00,0.00,0.00,17.92,26.35
2022-01-21 16:20:00 UTC,1068.64,883.13,123.09,0.00,0.00,0.00,17.61,24.96
2022-01-21 16:30:00 UTC,1109.12,908.61,129.00,0.00,0.00,0.00,17.58,25.61
2022-01-21 16:40:00 UTC,1126.25,918.04,135.40,0.00,0.00,0.00,17.68,26.34
2022-01-21 16:50:00 UTC,1130.37,925.99,125.20,0.00,0.00,0.00,18.07,26.17
2022-01-21 17:00:00 UTC,1087.33,886.74,128.63,0.00,0.00,0.00,17.32,25.70
2022-01-21 17:10:00 UTC,1084.38,884.96,119.75,0.00,0.00,0.00,17.45,25.06
2022-01-21 17:20:00 UTC,1034.61,838.20,112.32,0.00,0.00,0.00,14.67,23.58
2022-01-21 17:30:00 UTC,1174.98,955.41,133.37,0.00,0.00,0.00,16.54,26.40
2022-01-21 17:40:00 UTC,1098.42,903.17,142.76,0.00,0.00,0.00,15.89,26.90
2022-01-21 17:50:00 UTC,842.16,689.16,88.11,0.00,0.00,0.00,9.03,19.94
2022-01-21 18:00:00 UTC,903.77,735.18,92.13,0.00,0.00,0.00,10.97,20.96
2022-01-21 18:10:00 UTC,856.01,694.04,82.79,0.00,0.00,0.00,9.53,20.23
2022-01-21 18:20:00 UTC,834.44,678.32,80.60,0.00,0.00,0.00,8.51,19.25
2022-01-21 18:30:00 UTC,773.65,629.12,74.44,0.00,0.00,0.00,7.93,17.84
2022-01-21 18:40:00 UTC,765.44,619.76,69.03,0.00,0.00,0.00,7.89,17.32
2022-01-21 18:50:00 UTC,713.00,581.96,58.44,0.00,0.00,0.00,7.34,16.08,
2022-01-25 18:50:00 UTC,142.36,99.37,20.06,0.00,0.00,0.00,1.50,3.20
2022-01-25 19:00:00 UTC,1303.19,1019.77,190.40,0.00,0.00,0.00,19.64,31.57,
2022-02-15 14:00:00 UTC,1115.66,912.96,131.32,0.00,0.00,0.00,16.79,26.06
2022-02-15 14:10:00 UTC,,,,,,,,
2022-02-15 14:20:00 UTC,,,,,,,,
2022-02-15 14:30:00 UTC,,,,,,,,
2022-02-15 14:40:00 UTC,979.13,797.68,117.70,0.00,0.00,0.00,15.30,24.40
2022-02-15 14:50:00 UTC,1030.22,849.52,139.59,0.00,0.00,0.00,15.82,26.96